timestamp,open,high,low,close,volume
2019-01-04 02:59:00,64.1500,64.4000,64.1500,64.4000,52280
2019-01-04 02:58:00,64.2000,64.2000,64.1500,64.1500,40000
2019-01-04 02:57:00,64.2000,64.2000,64.1500,64.1500,39349
2019-01-04 02:56:00,64.1500,64.1500,64.1500,64.1500,39549
2019-01-04 02:55:00,64.2000,64.2000,64.2000,64.2000,14000
2019-01-04 02:54:00,64.2500,64.2500,64.1500,64.2000,236000
2019-01-04 02:53:00,64.2500,64.2500,64.2000,64.2000,63600
2019-01-04 02:52:00,64.2000,64.2500,64.2000,64.2500,55600
2019-01-04 02:51:00,64.2500,64.2500,64.2500,64.2500,133225
2019-01-04 02:50:00,64.2000,64.2500,64.2000,64.2500,40470
2019-01-04 02:49:00,64.2500,64.2500,64.2000,64.2000,36400
2019-01-04 02:48:00,64.2000,64.2000,64.2000,64.2000,14800
2019-01-04 02:47:00,64.2500,64.2500,64.2000,64.2000,25200
2019-01-04 02:46:00,64.2500,64.2500,64.2500,64.2500,19147
2019-01-04 02:45:00,64.2000,64.2500,64.2000,64.2500,36020
2019-01-04 02:44:00,64.3000,64.3000,64.2000,64.2000,69600
2019-01-04 02:43:00,64.3000,64.3000,64.2500,64.2500,23600
2019-01-04 02:42:00,64.2000,64.3000,64.2000,64.3000,30204
2019-01-04 02:41:00,64.2500,64.2500,64.2500,64.2500,119200
2019-01-04 02:40:00,64.2500,64.2500,64.2000,64.2000,18855
2019-01-04 02:39:00,64.2500,64.2500,64.2000,64.2000,27600
2019-01-04 02:38:00,64.2500,64.2500,64.2500,64.2500,16400
2019-01-04 02:37:00,64.2500,64.2500,64.2500,64.2500,38001
2019-01-04 02:36:00,64.3000,64.3000,64.3000,64.3000,36000
2019-01-04 02:35:00,64.2500,64.2500,64.2500,64.2500,8800
2019-01-04 02:34:00,64.3000,64.3000,64.3000,64.3000,14800
2019-01-04 02:33:00,64.2500,64.3000,64.2500,64.3000,66800
2019-01-04 02:32:00,64.3000,64.3000,64.2500,64.2500,36400
2019-01-04 02:31:00,64.2500,64.2500,64.2500,64.2500,13246
2019-01-04 02:30:00,64.3000,64.3000,64.3000,64.3000,29600
2019-01-04 02:29:00,64.2500,64.2500,64.2500,64.2500,18000
2019-01-04 02:28:00,64.2000,64.2000,64.2000,64.2000,4800
2019-01-04 02:27:00,64.3000,64.3000,64.3000,64.3000,12000
2019-01-04 02:26:00,64.3000,64.3000,64.3000,64.3000,69600
2019-01-04 02:25:00,64.3000,64.3000,64.3000,64.3000,7200
2019-01-04 02:24:00,64.3500,64.3500,64.3000,64.3000,101600
2019-01-04 02:23:00,64.3500,64.4000,64.3500,64.3500,74800
2019-01-04 02:22:00,64.3500,64.4000,64.3500,64.3500,72400
2019-01-04 02:21:00,64.3500,64.3500,64.3500,64.3500,70400
2019-01-04 02:20:00,64.3000,64.3000,64.3000,64.3000,11200
2019-01-04 02:19:00,64.3000,64.3500,64.3000,64.3000,55600
2019-01-04 02:18:00,64.3000,64.3000,64.3000,64.3000,23600
2019-01-04 02:17:00,64.3000,64.3500,64.3000,64.3500,81311
2019-01-04 02:16:00,64.3500,64.3500,64.3500,64.3500,3313
2019-01-04 02:15:00,64.4000,64.4000,64.3500,64.3500,94400
2019-01-04 02:14:00,64.3500,64.3500,64.3500,64.3500,120800
2019-01-04 02:13:00,64.3500,64.4000,64.3500,64.3500,98402
2019-01-04 02:12:00,64.3000,64.3500,64.3000,64.3500,54004
2019-01-04 02:11:00,64.2500,64.3500,64.2500,64.3500,124872
2019-01-04 02:10:00,64.2000,64.2500,64.2000,64.2500,131200
2019-01-04 02:09:00,64.1500,64.1500,64.1500,64.1500,21600
2019-01-04 02:08:00,64.1500,64.1500,64.1500,64.1500,63200
2019-01-04 02:07:00,64.1000,64.1500,64.1000,64.1500,32401
2019-01-04 02:06:00,64.1000,64.1500,64.1000,64.1500,46000
2019-01-04 02:05:00,64.1500,64.1500,64.1000,64.1000,10000
2019-01-04 02:04:00,64.1000,64.1000,64.1000,64.1000,6000
2019-01-04 02:03:00,64.1500,64.1500,64.1500,64.1500,163600
2019-01-04 02:02:00,64.1500,64.1500,64.1500,64.1500,28400
2019-01-04 02:01:00,64.0500,64.1000,64.0500,64.1000,153721
2019-01-04 02:00:00,64.1000,64.1000,64.1000,64.1000,47600
2019-01-04 01:59:00,64.1000,64.1000,64.1000,64.1000,2802
2019-01-04 01:57:00,64.1000,64.1000,64.0500,64.0500,15219
2019-01-04 01:56:00,64.0500,64.0500,64.0500,64.0500,17600
2019-01-04 01:55:00,64.0500,64.1000,64.0500,64.1000,25600
2019-01-04 01:54:00,64.0500,64.0500,64.0500,64.0500,5181
2019-01-04 01:53:00,64.0000,64.0000,64.0000,64.0000,14400
2019-01-04 01:52:00,64.0000,64.0000,64.0000,64.0000,23200
2019-01-04 01:51:00,64.0000,64.0500,64.0000,64.0500,445229
2019-01-04 01:50:00,64.0000,64.0000,64.0000,64.0000,126800
2019-01-04 01:49:00,64.0000,64.0000,64.0000,64.0000,20818
2019-01-04 01:48:00,64.0000,64.0000,63.9500,63.9500,10800
2019-01-04 01:46:00,64.0000,64.0000,64.0000,64.0000,12400
2019-01-04 01:45:00,63.9500,63.9500,63.9500,63.9500,224000
2019-01-04 01:44:00,63.9000,63.9000,63.9000,63.9000,32400
2019-01-04 01:43:00,63.9000,63.9000,63.9000,63.9000,11200
2019-01-04 01:42:00,63.9500,63.9500,63.9000,63.9000,51200
2019-01-04 01:41:00,63.9500,63.9500,63.9500,63.9500,11200
2019-01-04 01:39:00,63.9500,63.9500,63.9500,63.9500,47200
2019-01-04 01:38:00,63.9000,63.9000,63.9000,63.9000,17700
2019-01-04 01:37:00,63.9000,63.9000,63.9000,63.9000,1598
2019-01-04 01:36:00,63.9000,63.9000,63.9000,63.9000,38000
2019-01-04 01:35:00,63.9500,63.9500,63.9500,63.9500,3600
2019-01-04 01:33:00,63.9500,63.9500,63.9500,63.9500,3600
2019-01-04 01:32:00,63.9000,63.9000,63.9000,63.9000,3600
2019-01-04 01:31:00,63.9000,63.9000,63.9000,63.9000,25201
2019-01-04 01:29:00,63.9000,63.9000,63.9000,63.9000,9200
2019-01-04 01:28:00,63.9000,63.9000,63.9000,63.9000,4800
2019-01-04 01:27:00,63.9500,63.9500,63.9500,63.9500,5600
2019-01-04 01:24:00,63.9500,63.9500,63.9500,63.9500,2400
2019-01-04 01:23:00,63.9500,63.9500,63.9500,63.9500,5200
2019-01-04 01:22:00,63.9000,63.9000,63.9000,63.9000,2400
2019-01-04 01:21:00,63.9500,63.9500,63.9500,63.9500,9600
2019-01-04 01:20:00,63.9000,63.9000,63.9000,63.9000,5200
2019-01-04 01:19:00,63.9500,63.9500,63.9500,63.9500,7200
2019-01-04 01:18:00,63.9500,63.9500,63.9500,63.9500,0
2019-01-04 01:17:00,63.9000,63.9000,63.9000,63.9000,6400
2019-01-04 01:15:00,63.9500,63.9500,63.9500,63.9500,2800
2019-01-04 01:14:00,63.9500,63.9500,63.9500,63.9500,2863
2019-01-04 01:13:00,63.9000,63.9000,63.9000,63.9000,7200
2019-01-04 01:12:00,63.9000,63.9000,63.9000,63.9000,12908
2019-01-04 01:11:00,63.9000,63.9000,63.9000,63.9000,400
2019-01-04 01:10:00,63.9000,63.9000,63.9000,63.9000,18000
2019-01-04 01:09:00,63.9000,63.9000,63.9000,63.9000,76400
2019-01-04 01:07:00,63.9500,63.9500,63.9500,63.9500,1200
2019-01-04 01:06:00,63.9500,63.9500,63.9500,63.9500,3200
2019-01-04 01:05:00,63.9500,63.9500,63.9000,63.9000,13573
2019-01-04 01:04:00,63.9000,63.9000,63.9000,63.9000,8800
2019-01-04 01:03:00,63.9500,63.9500,63.9500,63.9500,800
2019-01-04 01:02:00,63.9500,63.9500,63.9500,63.9500,800
2019-01-04 01:01:00,63.9500,63.9500,63.9500,63.9500,13600
2019-01-04 01:00:00,63.9500,63.9500,63.9500,63.9500,1719
2019-01-04 00:59:00,63.9500,63.9500,63.9500,63.9500,4400
2019-01-04 00:58:00,63.9500,63.9500,63.9500,63.9500,38801
2019-01-04 00:57:00,63.9000,63.9000,63.9000,63.9000,15
2019-01-04 00:56:00,63.9500,63.9500,63.9500,63.9500,4801
2019-01-04 00:55:00,63.9500,63.9500,63.9500,63.9500,7600
2019-01-04 00:54:00,63.9500,63.9500,63.9500,63.9500,4400
2019-01-04 00:53:00,63.9000,63.9000,63.9000,63.9000,2800
2019-01-04 00:52:00,63.9500,63.9500,63.9500,63.9500,4400
2019-01-04 00:50:00,63.9000,63.9000,63.9000,63.9000,5600
2019-01-04 00:49:00,63.9500,63.9500,63.9500,63.9500,1200
2019-01-04 00:48:00,63.9500,63.9500,63.9500,63.9500,2000
2019-01-04 00:47:00,63.9500,63.9500,63.9500,63.9500,2400
2019-01-04 00:46:00,63.9500,63.9500,63.9500,63.9500,6400
2019-01-04 00:44:00,63.9500,63.9500,63.9500,63.9500,9600
2019-01-04 00:43:00,63.9500,63.9500,63.9500,63.9500,7200
2019-01-04 00:42:00,63.9500,63.9500,63.9500,63.9500,5600
2019-01-04 00:41:00,63.9500,63.9500,63.9500,63.9500,14800
2019-01-04 00:40:00,64.0000,64.0000,64.0000,64.0000,4800
2019-01-04 00:39:00,63.9500,63.9500,63.9500,63.9500,7204
2019-01-04 00:38:00,64.0000,64.0000,63.9500,63.9500,14800
2019-01-04 00:37:00,63.9500,63.9500,63.9500,63.9500,7200
2019-01-04 00:36:00,64.0000,64.0000,64.0000,64.0000,1600
2019-01-04 00:35:00,64.0000,64.0000,64.0000,64.0000,7600
2019-01-04 00:34:00,64.0000,64.0000,64.0000,64.0000,14001
2019-01-04 00:32:00,63.9500,63.9500,63.9500,63.9500,26403
2019-01-04 00:30:00,63.9500,63.9500,63.9500,63.9500,14800
2019-01-04 00:29:00,63.9500,63.9500,63.9500,63.9500,22800
2019-01-04 00:27:00,63.9000,63.9000,63.9000,63.9000,8000
2019-01-04 00:25:00,63.9500,63.9500,63.9500,63.9500,8919
2019-01-04 00:24:00,63.9500,63.9500,63.9500,63.9500,14000
2019-01-04 00:23:00,63.9500,63.9500,63.9500,63.9500,9200
2019-01-04 00:22:00,63.9500,63.9500,63.9500,63.9500,50000
2019-01-04 00:21:00,64.0000,64.0000,64.0000,64.0000,10440
2019-01-04 00:20:00,64.0000,64.0000,63.9500,63.9500,19022
2019-01-04 00:18:00,63.9500,63.9500,63.9500,63.9500,41200
2019-01-04 00:16:00,63.9500,63.9500,63.9500,63.9500,3200
2019-01-04 00:15:00,63.9500,63.9500,63.9500,63.9500,3600
2019-01-04 00:14:00,63.9500,63.9500,63.9500,63.9500,1600
2019-01-04 00:13:00,63.9500,63.9500,63.9500,63.9500,148800
2019-01-04 00:11:00,63.9500,63.9500,63.9500,63.9500,7200
2019-01-04 00:10:00,63.9500,63.9500,63.9500,63.9500,6400
2019-01-04 00:09:00,63.9500,63.9500,63.9500,63.9500,8400
2019-01-04 00:08:00,63.9500,63.9500,63.9500,63.9500,2233
2019-01-04 00:07:00,64.0000,64.0000,64.0000,64.0000,14000
2019-01-04 00:06:00,63.9500,63.9500,63.9500,63.9500,3204
2019-01-04 00:05:00,63.9500,63.9500,63.9500,63.9500,17200
2019-01-04 00:04:00,63.9500,63.9500,63.9500,63.9500,5200
2019-01-04 00:03:00,63.9500,63.9500,63.9500,63.9500,23600
2019-01-04 00:02:00,63.9000,63.9000,63.9000,63.9000,15200
2019-01-04 00:01:00,63.9500,64.0000,63.9500,64.0000,52800
2019-01-04 00:00:00,63.9000,63.9500,63.9000,63.9500,37200
2019-01-03 22:59:00,63.8500,63.9000,63.8500,63.9000,19526
2019-01-03 22:58:00,63.8500,63.8500,63.8500,63.8500,0
2019-01-03 22:57:00,63.8000,63.8500,63.8000,63.8500,46800
2019-01-03 22:56:00,63.8500,63.8500,63.8000,63.8000,14400
2019-01-03 22:55:00,63.8000,63.8000,63.8000,63.8000,10800
2019-01-03 22:54:00,63.8500,63.8500,63.8500,63.8500,23056
2019-01-03 22:53:00,63.8000,63.8000,63.8000,63.8000,4400
2019-01-03 22:52:00,63.8500,63.8500,63.8500,63.8500,2520
2019-01-03 22:51:00,63.8000,63.8000,63.8000,63.8000,4801
2019-01-03 22:50:00,63.8500,63.8500,63.8500,63.8500,11200
2019-01-03 22:49:00,63.8500,63.8500,63.8500,63.8500,3200
2019-01-03 22:48:00,63.8500,63.8500,63.8000,63.8000,13250
2019-01-03 22:47:00,63.8000,63.8000,63.8000,63.8000,3200
2019-01-03 22:46:00,63.8000,63.8000,63.8000,63.8000,0
2019-01-03 22:45:00,63.8500,63.8500,63.8500,63.8500,17200
2019-01-03 22:44:00,63.8500,63.8500,63.8500,63.8500,3600
2019-01-03 22:43:00,63.8000,63.8000,63.8000,63.8000,5600
2019-01-03 22:42:00,63.8500,63.8500,63.8500,63.8500,17600
2019-01-03 22:40:00,63.9500,63.9500,63.9000,63.9000,61200
2019-01-03 22:38:00,63.9500,63.9500,63.9500,63.9500,26084
2019-01-03 22:36:00,63.9500,63.9500,63.9500,63.9500,2124
2019-01-03 22:35:00,63.9500,63.9500,63.9500,63.9500,8000
2019-01-03 22:34:00,63.9500,63.9500,63.9500,63.9500,13600
2019-01-03 22:33:00,64.0000,64.0000,64.0000,64.0000,7702
2019-01-03 22:32:00,64.0000,64.0000,64.0000,64.0000,2800
2019-01-03 22:31:00,64.0000,64.0000,64.0000,64.0000,2801
2019-01-03 22:30:00,64.0000,64.0000,64.0000,64.0000,3270
2019-01-03 22:29:00,64.0000,64.0000,64.0000,64.0000,5200
2019-01-03 22:28:00,63.9500,64.0000,63.9500,64.0000,60000
2019-01-03 22:27:00,64.0000,64.0000,64.0000,64.0000,0
2019-01-03 22:26:00,63.9500,63.9500,63.9500,63.9500,16400
2019-01-03 22:25:00,63.9500,64.0000,63.9500,64.0000,34000
2019-01-03 22:24:00,63.9500,63.9500,63.9500,63.9500,27200
2019-01-03 22:23:00,64.0000,64.0000,64.0000,64.0000,16000
2019-01-03 22:22:00,63.9500,63.9500,63.9500,63.9500,17600
2019-01-03 22:21:00,63.9500,63.9500,63.9500,63.9500,30800
2019-01-03 22:20:00,63.9000,63.9000,63.9000,63.9000,10800
2019-01-03 22:19:00,63.9000,63.9000,63.9000,63.9000,56400
2019-01-03 22:18:00,63.9000,63.9500,63.9000,63.9500,39705
2019-01-03 22:17:00,63.9500,63.9500,63.9500,63.9500,39200
2019-01-03 22:16:00,63.9500,63.9500,63.9500,63.9500,34000
2019-01-03 22:15:00,63.9000,63.9000,63.9000,63.9000,25200
2019-01-03 22:14:00,63.9000,63.9000,63.9000,63.9000,20000
2019-01-03 22:13:00,63.9000,63.9500,63.9000,63.9500,8400
2019-01-03 22:12:00,63.9500,63.9500,63.9500,63.9500,3200
2019-01-03 22:11:00,63.9000,63.9500,63.9000,63.9500,23600
2019-01-03 22:10:00,64.0000,64.0000,63.9500,63.9500,69200
2019-01-03 22:09:00,63.9500,64.0000,63.9500,64.0000,36400
2019-01-03 22:07:00,63.9500,63.9500,63.9000,63.9000,19201
2019-01-03 22:06:00,63.9000,63.9000,63.9000,63.9000,22000
2019-01-03 22:05:00,63.9000,63.9000,63.9000,63.9000,40800
2019-01-03 22:04:00,63.9000,63.9000,63.9000,63.9000,39600
2019-01-03 22:03:00,63.9000,63.9000,63.9000,63.9000,21600
2019-01-03 22:02:00,63.9000,63.9000,63.9000,63.9000,2696
2019-01-03 22:01:00,64.0000,64.0000,63.9500,63.9500,14422
2019-01-03 22:00:00,64.0000,64.0000,64.0000,64.0000,58400
2019-01-03 21:59:00,63.9500,64.0000,63.9500,64.0000,50000
2019-01-03 21:58:00,63.9000,63.9500,63.9000,63.9500,117601
2019-01-03 21:56:00,63.8500,63.9000,63.8000,63.8000,54186
2019-01-03 21:55:00,63.8000,63.8500,63.8000,63.8000,90800
2019-01-03 21:53:00,63.8000,63.8000,63.7500,63.7500,14800
2019-01-03 21:52:00,63.7500,63.8000,63.7500,63.8000,6000
2019-01-03 21:51:00,63.8000,63.8000,63.7500,63.7500,38800
2019-01-03 21:50:00,63.7500,63.7500,63.7500,63.7500,2000
2019-01-03 21:49:00,63.7500,63.7500,63.7500,63.7500,10800
2019-01-03 21:48:00,63.8000,63.8000,63.8000,63.8000,5600
2019-01-03 21:47:00,63.8000,63.8000,63.8000,63.8000,15230
2019-01-03 21:46:00,63.8000,63.8000,63.8000,63.8000,100000
2019-01-03 21:45:00,63.7500,63.7500,63.7500,63.7500,4000
2019-01-03 21:44:00,63.8000,63.8000,63.8000,63.8000,2400
2019-01-03 21:43:00,63.8000,63.8000,63.8000,63.8000,19600
2019-01-03 21:42:00,63.8000,63.8000,63.8000,63.8000,1600
2019-01-03 21:41:00,63.7500,63.7500,63.7500,63.7500,18400
2019-01-03 21:40:00,63.7500,63.8000,63.7500,63.8000,22400
2019-01-03 21:39:00,63.7000,63.7500,63.7000,63.7500,12178
2019-01-03 21:38:00,63.7000,63.7500,63.7000,63.7500,15200
2019-01-03 21:37:00,63.6500,63.6500,63.6500,63.6500,10100
2019-01-03 21:36:00,63.6500,63.6500,63.6000,63.6000,26057
2019-01-03 21:35:00,63.7000,63.7000,63.7000,63.7000,15600
2019-01-03 21:34:00,63.7500,63.7500,63.7500,63.7500,16000
2019-01-03 21:33:00,63.6500,63.7000,63.6500,63.7000,68000
2019-01-03 21:32:00,63.6500,63.6500,63.6500,63.6500,42000
2019-01-03 21:31:00,63.6500,63.6500,63.6500,63.6500,4800
2019-01-03 21:30:00,63.6500,63.6500,63.6500,63.6500,33200
2019-01-03 21:29:00,63.6500,63.6500,63.6500,63.6500,1600
2019-01-03 21:28:00,63.6500,63.6500,63.6500,63.6500,8400
2019-01-03 21:27:00,63.6000,63.6000,63.6000,63.6000,25200
2019-01-03 21:26:00,63.6000,63.6000,63.6000,63.6000,97200
2019-01-03 21:25:00,63.5500,63.5500,63.5500,63.5500,24800
2019-01-03 21:24:00,63.6000,63.6000,63.6000,63.6000,23200
2019-01-03 21:23:00,63.6000,63.6000,63.6000,63.6000,6800
2019-01-03 21:22:00,63.5500,63.5500,63.5500,63.5500,0
2019-01-03 21:21:00,63.5500,63.5500,63.5500,63.5500,20800
2019-01-03 21:20:00,63.5500,63.5500,63.5500,63.5500,5600
2019-01-03 21:19:00,63.5500,63.5500,63.5500,63.5500,13600
2019-01-03 21:18:00,63.5500,63.5500,63.5500,63.5500,7200
2019-01-03 21:17:00,63.5500,63.5500,63.5500,63.5500,20800
2019-01-03 21:16:00,63.5000,63.5000,63.5000,63.5000,32000
2019-01-03 21:15:00,63.4500,63.4500,63.4500,63.4500,3600
2019-01-03 21:14:00,63.4500,63.4500,63.4500,63.4500,3600
2019-01-03 21:13:00,63.5000,63.5000,63.5000,63.5000,10700
2019-01-03 21:12:00,63.5000,63.5000,63.5000,63.5000,7250
2019-01-03 21:11:00,63.5000,63.5000,63.5000,63.5000,26316
2019-01-03 21:10:00,63.4500,63.4500,63.4500,63.4500,94000
2019-01-03 21:09:00,63.4500,63.4500,63.4000,63.4000,60000
2019-01-03 21:08:00,63.4500,63.4500,63.4500,63.4500,5600
2019-01-03 21:07:00,63.5000,63.5000,63.5000,63.5000,17200
2019-01-03 21:06:00,63.6000,63.6000,63.6000,63.6000,13228
2019-01-03 21:05:00,63.6500,63.7000,63.6500,63.7000,14000
2019-01-03 21:04:00,63.6500,63.6500,63.6500,63.6500,6000
2019-01-03 21:03:00,63.6000,63.7000,63.6000,63.7000,20000
2019-01-03 21:02:00,63.6000,63.7000,63.6000,63.7000,27870
2019-01-03 21:01:00,63.6500,63.6500,63.6000,63.6000,7692
2019-01-03 21:00:00,63.6500,63.6500,63.6000,63.6000,28400
2019-01-03 20:59:00,63.7000,63.7000,63.6500,63.6500,32400
2019-01-03 20:58:00,63.7000,63.7000,63.7000,63.7000,41800
2019-01-03 20:57:00,63.6500,63.6500,63.6500,63.6500,20400
2019-01-03 20:56:00,63.6500,63.7000,63.6500,63.7000,84187
2019-01-03 20:55:00,63.7000,63.7000,63.6500,63.6500,48801
2019-01-03 20:54:00,63.6500,63.6500,63.6500,63.6500,8800
2019-01-03 20:53:00,63.6000,63.7000,63.6000,63.7000,70800
2019-01-03 20:52:00,63.5500,63.5500,63.5500,63.5500,36800
2019-01-03 20:51:00,63.5500,63.5500,63.5500,63.5500,90802
2019-01-03 20:50:00,63.5500,63.5500,63.5500,63.5500,36800
2019-01-03 20:49:00,63.5000,63.5000,63.5000,63.5000,24255
2019-01-03 20:48:00,63.5000,63.5500,63.4500,63.5500,42401
2019-01-03 20:47:00,63.4000,63.4500,63.4000,63.4500,122035
2019-01-03 20:46:00,63.4000,63.4000,63.4000,63.4000,53800
2019-01-03 20:45:00,63.4000,63.4000,63.4000,63.4000,94200
2019-01-03 20:44:00,63.3500,63.4000,63.3500,63.4000,64000
2019-01-03 20:43:00,63.4000,63.4000,63.4000,63.4000,2400
2019-01-03 20:42:00,63.4000,63.4000,63.4000,63.4000,71600
2019-01-03 20:41:00,63.2500,63.4000,63.2500,63.4000,164406
2019-01-03 20:40:00,63.2500,63.3000,63.2500,63.2500,66400
2019-01-03 20:39:00,63.3000,63.3000,63.2500,63.2500,67600
2019-01-03 20:38:00,63.2500,63.2500,63.2000,63.2500,124800
2019-01-03 20:37:00,63.2500,63.3000,63.2500,63.3000,35687
2019-01-03 20:36:00,63.2500,63.2500,63.2000,63.2000,14000
2019-01-03 20:35:00,63.2500,63.2500,63.2500,63.2500,12801
2019-01-03 20:34:00,63.2000,63.2000,63.1000,63.2000,70800
2019-01-03 20:33:00,63.2000,63.2000,63.1500,63.1500,43694
2019-01-03 20:32:00,63.1500,63.1500,63.0500,63.1500,76000
2019-01-03 20:31:00,63.2500,63.2500,63.2000,63.2000,46400
2019-01-03 20:30:00,63.3000,63.3000,63.1500,63.2000,0
2019-01-03 03:08:00,63.2500,63.3000,63.2500,63.2500,904400
2019-01-03 02:59:00,63.3500,63.4500,63.2000,63.2500,173524
2019-01-03 02:58:00,63.4000,63.4000,63.4000,63.4000,16000
2019-01-03 02:57:00,63.3500,63.3500,63.3500,63.3500,82800
2019-01-03 02:56:00,63.3500,63.3500,63.3500,63.3500,36800
2019-01-03 02:55:00,63.3500,63.3500,63.3500,63.3500,20012
2019-01-03 02:54:00,63.3000,63.3500,63.3000,63.3500,118430
2019-01-03 02:53:00,63.2500,63.2500,63.2500,63.2500,63600
2019-01-03 02:52:00,63.2500,63.2500,63.2500,63.2500,42000
2019-01-03 02:51:00,63.2500,63.3000,63.2500,63.3000,24837
2019-01-03 02:50:00,63.2500,63.2500,63.2500,63.2500,31075
2019-01-03 02:49:00,63.2500,63.2500,63.2500,63.2500,23200
2019-01-03 02:48:00,63.3000,63.3000,63.3000,63.3000,84452
2019-01-03 02:47:00,63.3000,63.3000,63.3000,63.3000,71612
2019-01-03 02:46:00,63.3000,63.3000,63.3000,63.3000,15468
2019-01-03 02:45:00,63.3000,63.3500,63.3000,63.3500,50000
2019-01-03 02:44:00,63.3500,63.3500,63.3000,63.3000,19200
2019-01-03 02:43:00,63.3500,63.4000,63.3500,63.4000,23600
2019-01-03 02:42:00,63.3500,63.4000,63.3500,63.4000,35200
2019-01-03 02:41:00,63.3500,63.3500,63.3500,63.3500,27600
2019-01-03 02:40:00,63.3500,63.3500,63.3500,63.3500,6800
2019-01-03 02:39:00,63.3500,63.3500,63.3500,63.3500,5600
2019-01-03 02:37:00,63.3000,63.4000,63.3000,63.4000,24800
2019-01-03 02:36:00,63.3500,63.4000,63.3500,63.4000,116400
2019-01-03 02:35:00,63.3000,63.3000,63.3000,63.3000,64200
2019-01-03 02:34:00,63.3500,63.3500,63.3000,63.3000,12000
2019-01-03 02:33:00,63.3000,63.3500,63.3000,63.3500,12460
2019-01-03 02:32:00,63.3000,63.3000,63.3000,63.3000,4400
2019-01-03 02:31:00,63.3000,63.3000,63.3000,63.3000,6000
2019-01-03 02:30:00,63.3000,63.3000,63.3000,63.3000,6400
2019-01-03 02:29:00,63.3000,63.3500,63.3000,63.3500,3200
2019-01-03 02:28:00,63.3000,63.3500,63.3000,63.3500,40420
2019-01-03 02:27:00,63.2500,63.3000,63.2500,63.3000,21994
2019-01-03 02:26:00,63.3000,63.3000,63.3000,63.3000,11200
2019-01-03 02:25:00,63.3000,63.3000,63.3000,63.3000,0
2019-01-03 02:24:00,63.3000,63.3000,63.3000,63.3000,57200
2019-01-03 02:23:00,63.3000,63.3000,63.3000,63.3000,18000
2019-01-03 02:22:00,63.3000,63.3000,63.3000,63.3000,4800
2019-01-03 02:21:00,63.3000,63.3000,63.2500,63.2500,28400
2019-01-03 02:20:00,63.2500,63.2500,63.2500,63.2500,39600
2019-01-03 02:19:00,63.3000,63.3000,63.3000,63.3000,38736
2019-01-03 02:18:00,63.3000,63.3000,63.3000,63.3000,4400
2019-01-03 02:17:00,63.3500,63.3500,63.3500,63.3500,800
2019-01-03 02:16:00,63.3500,63.3500,63.3500,63.3500,7200
2019-01-03 02:15:00,63.3500,63.3500,63.3500,63.3500,16537
2019-01-03 02:14:00,63.3000,63.3000,63.3000,63.3000,8400
2019-01-03 02:13:00,63.3000,63.3000,63.3000,63.3000,32800
2019-01-03 02:12:00,63.3000,63.3000,63.3000,63.3000,5600
2019-01-03 02:11:00,63.3500,63.3500,63.3500,63.3500,11200
2019-01-03 02:10:00,63.3500,63.3500,63.3500,63.3500,7600
2019-01-03 02:09:00,63.3000,63.3000,63.3000,63.3000,9200
2019-01-03 02:08:00,63.3000,63.3500,63.3000,63.3500,28000
2019-01-03 02:07:00,63.3000,63.3000,63.3000,63.3000,17600
2019-01-03 02:06:00,63.3500,63.3500,63.3000,63.3000,20400
2019-01-03 02:05:00,63.3500,63.3500,63.3500,63.3500,27200
2019-01-03 02:04:00,63.3000,63.3500,63.2500,63.3500,84201
2019-01-03 02:03:00,63.4000,63.4000,63.3000,63.3000,88800
2019-01-03 02:02:00,63.4500,63.4500,63.4500,63.4500,5200
2019-01-03 02:00:00,63.4000,63.4000,63.3500,63.4000,38800
2019-01-03 01:59:00,63.3500,63.3500,63.3500,63.3500,28400
2019-01-03 01:58:00,63.4500,63.4500,63.4500,63.4500,10802
2019-01-03 01:57:00,63.4500,63.4500,63.4500,63.4500,9600
2019-01-03 01:56:00,63.4500,63.4500,63.4500,63.4500,29600
2019-01-03 01:55:00,63.4500,63.4500,63.4500,63.4500,13600
2019-01-03 01:54:00,63.3500,63.4000,63.3500,63.4000,53055
2019-01-03 01:53:00,63.3500,63.3500,63.3500,63.3500,21200
2019-01-03 01:52:00,63.4000,63.4000,63.4000,63.4000,13200
2019-01-03 01:51:00,63.3500,63.4000,63.3500,63.4000,38436
2019-01-03 01:50:00,63.3500,63.3500,63.3500,63.3500,8000
2019-01-03 01:49:00,63.3500,63.3500,63.3500,63.3500,6400
2019-01-03 01:48:00,63.3500,63.3500,63.3000,63.3000,30800
2019-01-03 01:47:00,63.3000,63.3000,63.3000,63.3000,21600
2019-01-03 01:45:00,63.2500,63.3000,63.2500,63.3000,11200
2019-01-03 01:44:00,63.3000,63.3000,63.3000,63.3000,4800
2019-01-03 01:43:00,63.3000,63.3000,63.3000,63.3000,9200
2019-01-03 01:42:00,63.3500,63.3500,63.3500,63.3500,2000
2019-01-03 01:41:00,63.3000,63.3500,63.3000,63.3500,17607
2019-01-03 01:40:00,63.3000,63.3000,63.3000,63.3000,3600
2019-01-03 01:39:00,63.3000,63.3000,63.3000,63.3000,6800
2019-01-03 01:38:00,63.3000,63.3000,63.3000,63.3000,19200
2019-01-03 01:37:00,63.2500,63.2500,63.2500,63.2500,3200
2019-01-03 01:36:00,63.2500,63.2500,63.2500,63.2500,3604
2019-01-03 01:35:00,63.2500,63.2500,63.2500,63.2500,2000
2019-01-03 01:34:00,63.2500,63.2500,63.2500,63.2500,2000
2019-01-03 01:33:00,63.2500,63.2500,63.2500,63.2500,16800
2019-01-03 01:32:00,63.2500,63.2500,63.2500,63.2500,18000
2019-01-03 01:31:00,63.2500,63.2500,63.2500,63.2500,4000
2019-01-03 01:30:00,63.2000,63.2000,63.2000,63.2000,23789
2019-01-03 01:29:00,63.2000,63.2000,63.2000,63.2000,5600
2019-01-03 01:28:00,63.2000,63.2000,63.2000,63.2000,6800
2019-01-03 01:27:00,63.1500,63.1500,63.1500,63.1500,15200
2019-01-03 01:26:00,63.2000,63.2000,63.2000,63.2000,6400
2019-01-03 01:25:00,63.2000,63.2000,63.2000,63.2000,2400
2019-01-03 01:24:00,63.2000,63.2000,63.2000,63.2000,9600
2019-01-03 01:23:00,63.1500,63.1500,63.1500,63.1500,10000
2019-01-03 01:22:00,63.2000,63.2000,63.2000,63.2000,2548
2019-01-03 01:21:00,63.2000,63.2000,63.2000,63.2000,1200
2019-01-03 01:20:00,63.2000,63.2000,63.2000,63.2000,6903
2019-01-03 01:19:00,63.1500,63.1500,63.1500,63.1500,17200
2019-01-03 01:18:00,63.1500,63.1500,63.1000,63.1000,16600
2019-01-03 01:17:00,63.1500,63.1500,63.1500,63.1500,8000
2019-01-03 01:15:00,63.1000,63.1500,63.0500,63.1500,87200
2019-01-03 01:14:00,63.1000,63.1000,63.1000,63.1000,62400
2019-01-03 01:13:00,63.1000,63.1500,63.1000,63.1000,55200
2019-01-03 01:12:00,63.1500,63.1500,63.1000,63.1500,88400
2019-01-03 01:11:00,63.1500,63.1500,63.1500,63.1500,34000
2019-01-03 01:10:00,63.2000,63.2000,63.1500,63.1500,92000
2019-01-03 01:09:00,63.2500,63.2500,63.2000,63.2000,36400
2019-01-03 01:08:00,63.2000,63.2000,63.2000,63.2000,58078
2019-01-03 01:07:00,63.3500,63.3500,63.2500,63.2500,59000
2019-01-03 01:06:00,63.3000,63.3000,63.3000,63.3000,3600
2019-01-03 01:05:00,63.3500,63.3500,63.3500,63.3500,34000
2019-01-03 01:04:00,63.3000,63.3000,63.3000,63.3000,46000
2019-01-03 01:03:00,63.3000,63.3000,63.3000,63.3000,8800
2019-01-03 01:02:00,63.3000,63.3000,63.3000,63.3000,14400
2019-01-03 01:01:00,63.3000,63.3000,63.3000,63.3000,14000
2019-01-03 01:00:00,63.3000,63.3000,63.3000,63.3000,24800
2019-01-03 00:59:00,63.3000,63.3000,63.3000,63.3000,18800
2019-01-03 00:58:00,63.2500,63.2500,63.2500,63.2500,8800
2019-01-03 00:57:00,63.3000,63.3000,63.3000,63.3000,2800
2019-01-03 00:56:00,63.3000,63.3000,63.3000,63.3000,10000
2019-01-03 00:55:00,63.2500,63.2500,63.2500,63.2500,7600
2019-01-03 00:54:00,63.3000,63.3000,63.3000,63.3000,2800
2019-01-03 00:53:00,63.3000,63.3000,63.3000,63.3000,0
2019-01-03 00:52:00,63.3000,63.3000,63.3000,63.3000,28000
2019-01-03 00:51:00,63.2500,63.2500,63.2500,63.2500,71601
2019-01-03 00:50:00,63.1500,63.2000,63.1500,63.2000,49600
2019-01-03 00:49:00,63.1500,63.1500,63.1500,63.1500,6000
2019-01-03 00:48:00,63.1500,63.1500,63.1500,63.1500,6800
2019-01-03 00:47:00,63.1500,63.1500,63.1500,63.1500,5600
2019-01-03 00:46:00,63.2000,63.2000,63.2000,63.2000,15600
2019-01-03 00:45:00,63.1500,63.2000,63.1000,63.2000,24900
2019-01-03 00:44:00,63.2000,63.2000,63.2000,63.2000,400
2019-01-03 00:43:00,63.2000,63.2000,63.2000,63.2000,6400
2019-01-03 00:42:00,63.2000,63.2000,63.2000,63.2000,1200
2019-01-03 00:41:00,63.2000,63.2000,63.1000,63.1000,44800
2019-01-03 00:40:00,63.2000,63.2000,63.2000,63.2000,3600
2019-01-03 00:38:00,63.2000,63.2000,63.2000,63.2000,4800
2019-01-03 00:37:00,63.2000,63.2000,63.2000,63.2000,12800
2019-01-03 00:36:00,63.1500,63.1500,63.1500,63.1500,19200
2019-01-03 00:35:00,63.1500,63.1500,63.1500,63.1500,16400
2019-01-03 00:34:00,63.1500,63.1500,63.1500,63.1500,2400
2019-01-03 00:33:00,63.2000,63.2000,63.2000,63.2000,0
2019-01-03 00:32:00,63.2000,63.2000,63.2000,63.2000,13600
2019-01-03 00:31:00,63.1500,63.1500,63.1500,63.1500,5600
2019-01-03 00:30:00,63.2000,63.2000,63.2000,63.2000,26800
2019-01-03 00:29:00,63.2000,63.2000,63.1500,63.1500,36800
2019-01-03 00:28:00,63.1000,63.1000,63.1000,63.1000,1600
2019-01-03 00:27:00,63.1500,63.1500,63.1500,63.1500,26000
2019-01-03 00:26:00,63.2000,63.2000,63.2000,63.2000,4000
2019-01-03 00:25:00,63.2000,63.2000,63.1500,63.1500,99200
2019-01-03 00:24:00,63.2000,63.2000,63.2000,63.2000,5200
2019-01-03 00:23:00,63.2500,63.2500,63.2500,63.2500,14800
2019-01-03 00:22:00,63.2000,63.2000,63.2000,63.2000,67220
2019-01-03 00:21:00,63.2000,63.2000,63.2000,63.2000,0
2019-01-03 00:20:00,63.2500,63.2500,63.2500,63.2500,13600
2019-01-03 00:19:00,63.3000,63.3000,63.3000,63.3000,1200
2019-01-03 00:18:00,63.3000,63.3000,63.2500,63.2500,42000
2019-01-03 00:17:00,63.2500,63.2500,63.2500,63.2500,34800
2019-01-03 00:16:00,63.3000,63.3000,63.2500,63.2500,638485
2019-01-03 00:15:00,63.3000,63.3500,63.3000,63.3500,28800
2019-01-03 00:14:00,63.3000,63.3000,63.3000,63.3000,60400
2019-01-03 00:13:00,63.3500,63.3500,63.3500,63.3500,2400
2019-01-03 00:12:00,63.3500,63.3500,63.3500,63.3500,6400
2019-01-03 00:11:00,63.3500,63.3500,63.3500,63.3500,3600
2019-01-03 00:10:00,63.3500,63.3500,63.3500,63.3500,6804
2019-01-03 00:09:00,63.3500,63.3500,63.3500,63.3500,2800
2019-01-03 00:08:00,63.3500,63.3500,63.3500,63.3500,6000
2019-01-03 00:07:00,63.3500,63.3500,63.3500,63.3500,0
2019-01-03 00:06:00,63.3500,63.3500,63.3500,63.3500,50430
2019-01-03 00:05:00,63.4000,63.4000,63.4000,63.4000,9200
2019-01-03 00:04:00,63.4000,63.4000,63.4000,63.4000,6800
2019-01-03 00:03:00,63.4500,63.4500,63.4500,63.4500,4800
2019-01-03 00:02:00,63.4000,63.4000,63.4000,63.4000,19600
2019-01-03 00:01:00,63.4000,63.4000,63.4000,63.4000,17200
2019-01-03 00:00:00,63.4500,63.4500,63.3500,63.4000,68000
2019-01-02 22:59:00,63.4500,63.4500,63.4500,63.4500,7600
2019-01-02 22:58:00,63.3500,63.3500,63.3500,63.3500,4400
2019-01-02 22:56:00,63.4000,63.4000,63.4000,63.4000,20800
2019-01-02 22:55:00,63.3500,63.3500,63.3500,63.3500,7600
2019-01-02 22:54:00,63.3000,63.3000,63.3000,63.3000,15626
2019-01-02 22:53:00,63.3500,63.3500,63.3500,63.3500,8340
2019-01-02 22:52:00,63.3000,63.3000,63.3000,63.3000,1600
2019-01-02 22:51:00,63.3000,63.3500,63.3000,63.3500,12800
2019-01-02 22:50:00,63.3000,63.3000,63.3000,63.3000,14800
2019-01-02 22:48:00,63.3000,63.3000,63.3000,63.3000,69200
2019-01-02 22:47:00,63.3500,63.3500,63.3500,63.3500,18400
2019-01-02 22:46:00,63.3000,63.3000,63.3000,63.3000,5200
2019-01-02 22:45:00,63.3500,63.4000,63.3500,63.4000,6800
2019-01-02 22:44:00,63.4000,63.4000,63.4000,63.4000,6060
2019-01-02 22:43:00,63.4000,63.4000,63.3500,63.4000,13664
2019-01-02 22:42:00,63.3500,63.3500,63.3500,63.3500,24800
2019-01-02 22:41:00,63.3000,63.3000,63.3000,63.3000,22400
2019-01-02 22:40:00,63.3000,63.4000,63.3000,63.3500,32800
2019-01-02 22:39:00,63.3000,63.3000,63.3000,63.3000,12800
2019-01-02 22:38:00,63.3000,63.3000,63.3000,63.3000,9200
2019-01-02 22:37:00,63.3000,63.3000,63.3000,63.3000,13844
2019-01-02 22:36:00,63.3000,63.3000,63.3000,63.3000,21600
2019-01-02 22:35:00,63.3000,63.3000,63.3000,63.3000,4000
2019-01-02 22:34:00,63.3500,63.3500,63.3000,63.3000,26106
2019-01-02 22:33:00,63.3500,63.3500,63.3500,63.3500,2800
2019-01-02 22:32:00,63.3500,63.3500,63.3500,63.3500,0
2019-01-02 22:31:00,63.3500,63.3500,63.3500,63.3500,9600
2019-01-02 22:30:00,63.3500,63.3500,63.3500,63.3500,14001
2019-01-02 22:29:00,63.3500,63.3500,63.3500,63.3500,13205
2019-01-02 22:28:00,63.3500,63.4000,63.3000,63.3500,12400
2019-01-02 22:27:00,63.2500,63.3000,63.2500,63.3000,14682
2019-01-02 22:26:00,63.3000,63.3000,63.3000,63.3000,97200
2019-01-02 22:25:00,63.3000,63.3000,63.2500,63.2500,48000
2019-01-02 22:24:00,63.3500,63.3500,63.3000,63.3000,25778
2019-01-02 22:23:00,63.3000,63.3000,63.3000,63.3000,15600
2019-01-02 22:22:00,63.2000,63.2500,63.2000,63.2500,35119
2019-01-02 22:21:00,63.2500,63.2500,63.1500,63.1500,18400
2019-01-02 22:20:00,63.1500,63.2000,63.1500,63.2000,92800
2019-01-02 22:19:00,63.2000,63.2000,63.1500,63.1500,14800
2019-01-02 22:18:00,63.2500,63.2500,63.1500,63.1500,57200
2019-01-02 22:17:00,63.2000,63.2500,63.2000,63.2500,54958
2019-01-02 22:16:00,63.2500,63.2500,63.2500,63.2500,6800
2019-01-02 22:15:00,63.2500,63.2500,63.2000,63.2000,104400
2019-01-02 22:14:00,63.1500,63.2000,63.1500,63.2000,114000
2019-01-02 22:13:00,63.1000,63.1500,63.0500,63.1500,153200
2019-01-02 22:12:00,63.1000,63.1000,63.0500,63.0500,88075
2019-01-02 22:11:00,63.1000,63.1500,63.1000,63.1500,20000
2019-01-02 22:10:00,63.2000,63.2000,63.1500,63.1500,67250
2019-01-02 22:09:00,63.2000,63.2500,63.2000,63.2000,154400
2019-01-02 22:08:00,63.2000,63.2500,63.2000,63.2500,78800
2019-01-02 22:07:00,63.2500,63.2500,63.2500,63.2500,26800
2019-01-02 22:06:00,63.3000,63.3000,63.2500,63.2500,153600
2019-01-02 22:05:00,63.3000,63.3000,63.3000,63.3000,27200
2019-01-02 22:04:00,63.3500,63.4000,63.3500,63.4000,8000
2019-01-02 22:03:00,63.4000,63.4000,63.4000,63.4000,4400
2019-01-02 22:02:00,63.4000,63.4000,63.4000,63.4000,8400
2019-01-02 22:01:00,63.3500,63.3500,63.3000,63.3000,178000
2019-01-02 22:00:00,63.3500,63.4000,63.3500,63.4000,22400
2019-01-02 21:58:00,63.3500,63.4000,63.3500,63.3500,4531
2019-01-02 21:57:00,63.3500,63.3500,63.3500,63.3500,14400
2019-01-02 21:56:00,63.4000,63.4000,63.4000,63.4000,0
2019-01-02 21:55:00,63.4000,63.4000,63.4000,63.4000,84800
2019-01-02 21:54:00,63.5000,63.5000,63.4000,63.4000,196900
2019-01-02 21:53:00,63.5000,63.5500,63.5000,63.5500,38401
2019-01-02 21:52:00,63.5500,63.5500,63.5000,63.5000,20000
2019-01-02 21:51:00,63.5500,63.5500,63.5500,63.5500,41200
2019-01-02 21:50:00,63.6000,63.6000,63.5500,63.5500,9200
2019-01-02 21:49:00,63.6000,63.6000,63.6000,63.6000,2000
2019-01-02 21:48:00,63.6000,63.6000,63.5500,63.5500,140000
2019-01-02 21:47:00,63.6500,63.6500,63.6500,63.6500,0
2019-01-02 21:46:00,63.6500,63.6500,63.6500,63.6500,18400
2019-01-02 21:44:00,63.6500,63.6500,63.6500,63.6500,14208
2019-01-02 21:43:00,63.6500,63.6500,63.6000,63.6000,9200
2019-01-02 21:42:00,63.6500,63.6500,63.6500,63.6500,13200
2019-01-02 21:41:00,63.7000,63.7000,63.6500,63.6500,18001
2019-01-02 21:40:00,63.7000,63.7000,63.7000,63.7000,2400
2019-01-02 21:39:00,63.6500,63.6500,63.6500,63.6500,36000
2019-01-02 21:38:00,63.6500,63.6500,63.6000,63.6000,12800
2019-01-02 21:37:00,63.6500,63.7500,63.6500,63.7500,7600
2019-01-02 21:36:00,63.7000,63.7000,63.6500,63.6500,13576
2019-01-02 21:35:00,63.7000,63.7000,63.6000,63.6000,12800
2019-01-02 21:34:00,63.6000,63.7000,63.6000,63.7000,15200
2019-01-02 21:33:00,63.6000,63.6500,63.6000,63.6000,60000
2019-01-02 21:32:00,63.6000,63.6000,63.6000,63.6000,1600
2019-01-02 21:31:00,63.6000,63.6000,63.6000,63.6000,19600
2019-01-02 21:30:00,63.6000,63.6000,63.6000,63.6000,800
2019-01-02 21:29:00,63.6000,63.6000,63.6000,63.6000,6400
2019-01-02 21:28:00,63.6000,63.6000,63.6000,63.6000,4000
2019-01-02 21:27:00,63.5500,63.5500,63.5500,63.5500,2000
2019-01-02 21:26:00,63.5500,63.5500,63.5500,63.5500,1600
2019-01-02 21:25:00,63.5500,63.5500,63.5500,63.5500,32000
2019-01-02 21:24:00,63.6000,63.6000,63.6000,63.6000,12800
2019-01-02 21:23:00,63.6000,63.6000,63.6000,63.6000,10000
2019-01-02 21:22:00,63.6000,63.6500,63.6000,63.6500,17600
2019-01-02 21:21:00,63.6000,63.6000,63.6000,63.6000,16000
2019-01-02 21:20:00,63.7000,63.7000,63.6000,63.6000,30400
2019-01-02 21:19:00,63.6000,63.6500,63.6000,63.6500,14400
2019-01-02 21:18:00,63.6000,63.6000,63.6000,63.6000,2400
2019-01-02 21:17:00,63.6500,63.6500,63.6000,63.6000,11600
2019-01-02 21:16:00,63.6000,63.6000,63.6000,63.6000,22000
2019-01-02 21:15:00,63.6000,63.6500,63.6000,63.6500,29200
2019-01-02 21:14:00,63.7000,63.7000,63.6000,63.6000,9200
2019-01-02 21:13:00,63.7000,63.7000,63.7000,63.7000,2400
2019-01-02 21:12:00,63.7000,63.7000,63.7000,63.7000,2800
2019-01-02 21:11:00,63.7000,63.7000,63.6000,63.6000,6400
2019-01-02 21:10:00,63.6000,63.6500,63.6000,63.6500,11200
2019-01-02 21:09:00,63.6500,63.6500,63.6500,63.6500,15783
2019-01-02 21:08:00,63.6500,63.6500,63.6000,63.6500,67600
2019-01-02 21:07:00,63.6500,63.6500,63.6500,63.6500,3600
2019-01-02 21:06:00,63.7000,63.7000,63.6500,63.6500,20800
2019-01-02 21:05:00,63.7500,63.7500,63.7000,63.7000,5200
2019-01-02 21:04:00,63.7000,63.7000,63.7000,63.7000,25200
2019-01-02 21:03:00,63.6000,63.7000,63.6000,63.6500,16800
2019-01-02 21:02:00,63.6000,63.7000,63.6000,63.7000,18828
2019-01-02 21:01:00,63.5500,63.6500,63.5500,63.6500,28800
2019-01-02 21:00:00,63.6500,63.6500,63.6000,63.6000,13600
2019-01-02 20:59:00,63.6000,63.6000,63.5500,63.6000,24800
2019-01-02 20:58:00,63.6000,63.6500,63.6000,63.6500,9600
2019-01-02 20:57:00,63.6500,63.6500,63.6000,63.6000,13600
2019-01-02 20:56:00,63.6500,63.6500,63.6500,63.6500,7600
2019-01-02 20:55:00,63.6000,63.6000,63.5500,63.5500,9200
2019-01-02 20:54:00,63.6500,63.6500,63.5500,63.5500,23379
2019-01-02 20:53:00,63.6000,63.6000,63.6000,63.6000,10000
2019-01-02 20:52:00,63.6000,63.6500,63.6000,63.6500,17200
2019-01-02 20:51:00,63.5500,63.5500,63.5500,63.5500,10000
2019-01-02 20:50:00,63.6000,63.6000,63.6000,63.6000,2000
2019-01-02 20:49:00,63.5500,63.6000,63.5500,63.6000,6400
2019-01-02 20:48:00,63.5500,63.6000,63.5500,63.6000,30800
2019-01-02 20:47:00,63.5000,63.5000,63.5000,63.5000,54000
2019-01-02 20:46:00,63.5000,63.5000,63.4500,63.4500,28800
2019-01-02 20:45:00,63.4500,63.4500,63.4500,63.4500,27527
2019-01-02 20:44:00,63.4000,63.4000,63.4000,63.4000,5200
2019-01-02 20:43:00,63.4500,63.4500,63.4500,63.4500,2400
2019-01-02 20:42:00,63.4000,63.4000,63.4000,63.4000,55600
2019-01-02 20:41:00,63.4000,63.4000,63.4000,63.4000,4800
2019-01-02 20:40:00,63.3000,63.3500,63.3000,63.3500,31741
2019-01-02 20:39:00,63.4000,63.4000,63.3500,63.3500,56400
2019-01-02 20:38:00,63.4000,63.4500,63.4000,63.4500,6400
2019-01-02 20:37:00,63.4000,63.4000,63.4000,63.4000,21200
2019-01-02 20:36:00,63.4500,63.4500,63.4000,63.4000,30400
2019-01-02 20:35:00,63.4500,63.4500,63.4500,63.4500,18400
2019-01-02 20:34:00,63.4000,63.4500,63.4000,63.4500,11675
2019-01-02 20:33:00,63.4500,63.4500,63.3500,63.3500,154434
2019-01-02 20:32:00,63.4500,63.4500,63.4000,63.4500,38400
2019-01-02 20:31:00,63.4000,63.6000,63.4000,63.5000,104192
2019-01-02 20:30:00,63.4000,63.5000,63.3000,63.4000,0
2019-01-02 03:08:00,63.3000,63.5000,63.3000,63.5000,996800
2019-01-02 02:59:00,63.4000,63.5000,63.3000,63.3000,80400
2019-01-02 02:58:00,63.3500,63.4000,63.3500,63.4000,125600
2019-01-02 02:57:00,63.4000,63.4000,63.3500,63.3500,64109
2019-01-02 02:56:00,63.3500,63.4000,63.3500,63.4000,207600
2019-01-02 02:55:00,63.3500,63.3500,63.3000,63.3000,78040
2019-01-02 02:54:00,63.3000,63.3500,63.3000,63.3000,98000
2019-01-02 02:53:00,63.3000,63.3500,63.2500,63.2500,98800
2019-01-02 02:52:00,63.3000,63.3500,63.3000,63.3000,111600
2019-01-02 02:51:00,63.3000,63.3000,63.3000,63.3000,53600
2019-01-02 02:50:00,63.3000,63.3500,63.3000,63.3500,60012
2019-01-02 02:49:00,63.3000,63.3000,63.3000,63.3000,54344
2019-01-02 02:48:00,63.3500,63.3500,63.3000,63.3000,120400
2019-01-02 02:47:00,63.2500,63.3000,63.2500,63.3000,226000
2019-01-02 02:46:00,63.3000,63.3000,63.2500,63.2500,131600
2019-01-02 02:45:00,63.3000,63.3500,63.3000,63.3000,130800
2019-01-02 02:44:00,63.3500,63.3500,63.3000,63.3000,54800
2019-01-02 02:43:00,63.4000,63.4000,63.3500,63.3500,104000
2019-01-02 02:42:00,63.3500,63.3500,63.3500,63.3500,33601
2019-01-02 02:41:00,63.4000,63.4000,63.3500,63.3500,23200
2019-01-02 02:40:00,63.3500,63.3500,63.3500,63.3500,20400
2019-01-02 02:39:00,63.3000,63.3500,63.3000,63.3500,108400
2019-01-02 02:38:00,63.3000,63.3500,63.3000,63.3000,128000
2019-01-02 02:37:00,63.3000,63.3000,63.3000,63.3000,39200
2019-01-02 02:36:00,63.3500,63.3500,63.3500,63.3500,44019
2019-01-02 02:35:00,63.3000,63.3500,63.3000,63.3500,96000
2019-01-02 02:34:00,63.3000,63.3500,63.3000,63.3000,101200
2019-01-02 02:33:00,63.3000,63.3000,63.2500,63.3000,171601
2019-01-02 02:32:00,63.2500,63.3000,63.2500,63.3000,63600
2019-01-02 02:31:00,63.3000,63.3000,63.2500,63.3000,60400
2019-01-02 02:30:00,63.2500,63.3000,63.2500,63.3000,39200
2019-01-02 02:29:00,63.2500,63.3000,63.2500,63.3000,63200
2019-01-02 02:28:00,63.3000,63.3000,63.2500,63.2500,75600
2019-01-02 02:27:00,63.2500,63.2500,63.2500,63.2500,30400
2019-01-02 02:26:00,63.2500,63.2500,63.2500,63.2500,83200
2019-01-02 02:25:00,63.2500,63.2500,63.2500,63.2500,106400
2019-01-02 02:24:00,63.2500,63.2500,63.2500,63.2500,87600
2019-01-02 02:23:00,63.2500,63.3000,63.2500,63.2500,59200
2019-01-02 02:22:00,63.3000,63.3000,63.2500,63.3000,60000
2019-01-02 02:21:00,63.3000,63.3500,63.2500,63.2500,699600
2019-01-02 02:20:00,63.3500,63.3500,63.3500,63.3500,15600
2019-01-02 02:19:00,63.3500,63.3500,63.3000,63.3500,27200
2019-01-02 02:18:00,63.3500,63.3500,63.3500,63.3500,67397
2019-01-02 02:17:00,63.4000,63.4000,63.3000,63.3000,29200
2019-01-02 02:16:00,63.3500,63.4000,63.3500,63.4000,33600
2019-01-02 02:15:00,63.4000,63.4000,63.4000,63.4000,31600
2019-01-02 02:14:00,63.4000,63.4000,63.3500,63.3500,64522
2019-01-02 02:13:00,63.3500,63.4000,63.3000,63.4000,260800
2019-01-02 02:12:00,63.3500,63.3500,63.3500,63.3500,44000
2019-01-02 02:11:00,63.3500,63.3500,63.3500,63.3500,57600
2019-01-02 02:10:00,63.3500,63.3500,63.3000,63.3000,104400
2019-01-02 02:09:00,63.3500,63.3500,63.3500,63.3500,68800
2019-01-02 02:08:00,63.4000,63.4000,63.3500,63.3500,591200
2019-01-02 02:07:00,63.4500,63.4500,63.4000,63.4000,153600
2019-01-02 02:06:00,63.5500,63.5500,63.4500,63.4500,271200
2019-01-02 02:05:00,63.5500,63.5500,63.5500,63.5500,8800
2019-01-02 02:04:00,63.5500,63.5500,63.5000,63.5000,7600
2019-01-02 02:03:00,63.5500,63.5500,63.5000,63.5000,9600
2019-01-02 02:02:00,63.5000,63.5000,63.5000,63.5000,101600
2019-01-02 02:01:00,63.5000,63.5000,63.5000,63.5000,10800
2019-01-02 02:00:00,63.5500,63.5500,63.5500,63.5500,6000
2019-01-02 01:59:00,63.5500,63.5500,63.5500,63.5500,10960
2019-01-02 01:58:00,63.5000,63.5500,63.5000,63.5500,17768
2019-01-02 01:57:00,63.5000,63.5500,63.5000,63.5500,12800
2019-01-02 01:56:00,63.5500,63.5500,63.5000,63.5000,9200
2019-01-02 01:55:00,63.5000,63.5500,63.5000,63.5000,173240
2019-01-02 01:54:00,63.5500,63.5500,63.5000,63.5000,27000
2019-01-02 01:53:00,63.5500,63.6000,63.5500,63.5500,91601
2019-01-02 01:52:00,63.6000,63.6000,63.5500,63.5500,12400
2019-01-02 01:51:00,63.5500,63.5500,63.5500,63.5500,2000
2019-01-02 01:50:00,63.6000,63.6000,63.6000,63.6000,14800
2019-01-02 01:49:00,63.5500,63.5500,63.5500,63.5500,10800
2019-01-02 01:48:00,63.5500,63.5500,63.5500,63.5500,10000
2019-01-02 01:47:00,63.6000,63.6000,63.6000,63.6000,133619
2019-01-02 01:46:00,63.5500,63.5500,63.5500,63.5500,37600
2019-01-02 01:45:00,63.5500,63.5500,63.5500,63.5500,35600
2019-01-02 01:44:00,63.5500,63.5500,63.5000,63.5000,10800
2019-01-02 01:43:00,63.5500,63.5500,63.5500,63.5500,130149
2019-01-02 01:42:00,63.6000,63.6000,63.6000,63.6000,16000
2019-01-02 01:41:00,63.5500,63.5500,63.5500,63.5500,128800
2019-01-02 01:40:00,63.6000,63.6500,63.6000,63.6000,98900
2019-01-02 01:39:00,63.7000,63.7000,63.6500,63.6500,44000
2019-01-02 01:38:00,63.6500,63.7000,63.6500,63.7000,58000
2019-01-02 01:37:00,63.6000,63.6500,63.6000,63.6500,5633
2019-01-02 01:36:00,63.6000,63.6000,63.6000,63.6000,20000
2019-01-02 01:35:00,63.6500,63.6500,63.6000,63.6000,62400
2019-01-02 01:34:00,63.6500,63.7000,63.6500,63.7000,37600
2019-01-02 01:33:00,63.7000,63.7000,63.7000,63.7000,13947
2019-01-02 01:32:00,63.7500,63.7500,63.7000,63.7000,23200
2019-01-02 01:31:00,63.6500,63.7000,63.6500,63.7000,56000
2019-01-02 01:30:00,63.6000,63.6000,63.6000,63.6000,65600
2019-01-02 01:29:00,63.6000,63.6000,63.6000,63.6000,18000
2019-01-02 01:28:00,63.6000,63.6000,63.6000,63.6000,6800
2019-01-02 01:27:00,63.6000,63.6000,63.6000,63.6000,28000
2019-01-02 01:26:00,63.6000,63.6000,63.6000,63.6000,24000
2019-01-02 01:25:00,63.5500,63.5500,63.5500,63.5500,8030
2019-01-02 01:24:00,63.5500,63.5500,63.5500,63.5500,16800
2019-01-02 01:23:00,63.6000,63.6000,63.6000,63.6000,13300
2019-01-02 01:22:00,63.6000,63.6000,63.6000,63.6000,5200
2019-01-02 01:21:00,63.6000,63.6000,63.6000,63.6000,8800
2019-01-02 01:20:00,63.6000,63.6000,63.6000,63.6000,16400
2019-01-02 01:19:00,63.5500,63.6000,63.5500,63.6000,16005
2019-01-02 01:18:00,63.6000,63.6000,63.6000,63.6000,30400
2019-01-02 01:17:00,63.6000,63.6000,63.6000,63.6000,1808
2019-01-02 01:16:00,63.6000,63.6000,63.6000,63.6000,9600
2019-01-02 01:15:00,63.6000,63.6000,63.5500,63.5500,41194
2019-01-02 01:14:00,63.6000,63.6000,63.6000,63.6000,12800
2019-01-02 01:13:00,63.6000,63.6000,63.6000,63.6000,5300
2019-01-02 01:12:00,63.6000,63.6000,63.6000,63.6000,4000
2019-01-02 01:11:00,63.6000,63.6000,63.6000,63.6000,17200
2019-01-02 01:10:00,63.6500,63.6500,63.6500,63.6500,17200
2019-01-02 01:09:00,63.6500,63.6500,63.6500,63.6500,69600
2019-01-02 01:08:00,63.6500,63.6500,63.6500,63.6500,800
2019-01-02 01:07:00,63.6000,63.6000,63.6000,63.6000,6099
2019-01-02 01:06:00,63.6000,63.6000,63.6000,63.6000,2400
2019-01-02 01:05:00,63.5500,63.5500,63.5500,63.5500,114425
2019-01-02 01:04:00,63.5000,63.5500,63.5000,63.5500,19200
2019-01-02 01:03:00,63.5500,63.5500,63.5000,63.5000,6800
2019-01-02 01:02:00,63.5500,63.5500,63.5500,63.5500,79200
2019-01-02 01:01:00,63.5500,63.5500,63.5500,63.5500,23200
2019-01-02 01:00:00,63.5500,63.5500,63.5000,63.5000,61200
2019-01-02 00:59:00,63.5500,63.5500,63.5500,63.5500,31600
2019-01-02 00:58:00,63.5500,63.5500,63.5000,63.5000,21200
2019-01-02 00:57:00,63.5000,63.5000,63.5000,63.5000,8800
2019-01-02 00:56:00,63.5500,63.5500,63.5500,63.5500,19601
2019-01-02 00:55:00,63.5000,63.5500,63.5000,63.5500,76000
2019-01-02 00:54:00,63.6000,63.6000,63.5500,63.5500,145016
2019-01-02 00:52:00,63.5500,63.6000,63.5500,63.5500,103600
2019-01-02 00:51:00,63.5500,63.5500,63.5500,63.5500,6800
2019-01-02 00:50:00,63.6000,63.6000,63.5500,63.5500,68400
2019-01-02 00:48:00,63.6000,63.6000,63.6000,63.6000,9200
2019-01-02 00:47:00,63.5500,63.5500,63.5500,63.5500,88800
2019-01-02 00:46:00,63.5000,63.5000,63.5000,63.5000,22800
2019-01-02 00:45:00,63.5500,63.5500,63.5500,63.5500,112800
2019-01-02 00:44:00,63.5000,63.5000,63.5000,63.5000,25600
2019-01-02 00:43:00,63.5500,63.5500,63.5500,63.5500,16400
2019-01-02 00:42:00,63.5500,63.5500,63.5500,63.5500,39600
2019-01-02 00:41:00,63.6000,63.6000,63.6000,63.6000,5600
2019-01-02 00:40:00,63.6000,63.6000,63.6000,63.6000,2800
2019-01-02 00:39:00,63.5500,63.5500,63.5500,63.5500,43200
2019-01-02 00:38:00,63.5500,63.5500,63.5500,63.5500,13200
2019-01-02 00:37:00,63.5500,63.5500,63.5500,63.5500,3200
2019-01-02 00:36:00,63.5500,63.5500,63.5000,63.5000,52400
2019-01-02 00:35:00,63.5500,63.5500,63.5000,63.5000,172400
2019-01-02 00:34:00,63.6000,63.6000,63.6000,63.6000,5200
2019-01-02 00:33:00,63.6000,63.6000,63.6000,63.6000,0
2019-01-02 00:32:00,63.6000,63.6000,63.6000,63.6000,5200
2019-01-02 00:31:00,63.6500,63.6500,63.6000,63.6000,77600
2019-01-02 00:30:00,63.6000,63.6000,63.6000,63.6000,30400
2019-01-02 00:29:00,63.6500,63.6500,63.6500,63.6500,2400
2019-01-02 00:28:00,63.6500,63.6500,63.6500,63.6500,4400
2019-01-02 00:27:00,63.6500,63.6500,63.6500,63.6500,13200
2019-01-02 00:26:00,63.6500,63.6500,63.6500,63.6500,42400
2019-01-02 00:25:00,63.6000,63.6000,63.6000,63.6000,18448
2019-01-02 00:24:00,63.6500,63.6500,63.6500,63.6500,8800
2019-01-02 00:23:00,63.6500,63.6500,63.6500,63.6500,7200
2019-01-02 00:22:00,63.6500,63.6500,63.6000,63.6000,27200
2019-01-02 00:21:00,63.7000,63.7000,63.7000,63.7000,4000
2019-01-02 00:20:00,63.7000,63.7000,63.7000,63.7000,1600
2019-01-02 00:17:00,63.6500,63.6500,63.6500,63.6500,4800
2019-01-02 00:16:00,63.6500,63.6500,63.6500,63.6500,26001
2019-01-02 00:15:00,63.6000,63.6000,63.6000,63.6000,11600
2019-01-02 00:14:00,63.5500,63.5500,63.5500,63.5500,10400
2019-01-02 00:13:00,63.6500,63.6500,63.6000,63.6000,48800
2019-01-02 00:11:00,63.6000,63.6000,63.6000,63.6000,24856
2019-01-02 00:10:00,63.6000,63.6000,63.6000,63.6000,20800
2019-01-02 00:09:00,63.6000,63.6000,63.6000,63.6000,36000
2019-01-02 00:08:00,63.6500,63.6500,63.6500,63.6500,16400
2019-01-02 00:07:00,63.6000,63.6000,63.6000,63.6000,80400
2019-01-02 00:06:00,63.6000,63.6000,63.6000,63.6000,33600
2019-01-02 00:05:00,63.6500,63.6500,63.6000,63.6000,16000
2019-01-02 00:04:00,63.6500,63.6500,63.6500,63.6500,2800
2019-01-02 00:03:00,63.7000,63.7000,63.6000,63.6000,20800
2019-01-02 00:02:00,63.7500,63.7500,63.7000,63.7000,12400
2019-01-02 00:01:00,63.7000,63.7500,63.7000,63.7500,58800
2019-01-02 00:00:00,63.6500,63.6500,63.5500,63.6500,204000
2019-01-01 22:59:00,63.6000,63.6500,63.6000,63.6500,20400
2019-01-01 22:58:00,63.6000,63.6000,63.6000,63.6000,2800
2019-01-01 22:57:00,63.6500,63.6500,63.5500,63.5500,82400
2019-01-01 22:56:00,63.6500,63.6500,63.6500,63.6500,10800
2019-01-01 22:55:00,63.6500,63.6500,63.6500,63.6500,27600
2019-01-01 22:54:00,63.7000,63.7000,63.6500,63.6500,51200
2019-01-01 22:53:00,63.6000,63.6000,63.6000,63.6000,17600
2019-01-01 22:52:00,63.6000,63.6000,63.6000,63.6000,4800
2019-01-01 22:51:00,63.6000,63.6000,63.6000,63.6000,2800
2019-01-01 22:50:00,63.6000,63.6000,63.5000,63.5500,62800
2019-01-01 22:49:00,63.6500,63.6500,63.6000,63.6000,19200
2019-01-01 22:48:00,63.6000,63.6000,63.6000,63.6000,4000
2019-01-01 22:47:00,63.6000,63.6000,63.6000,63.6000,20800
2019-01-01 22:46:00,63.6000,63.6000,63.6000,63.6000,28800
2019-01-01 22:45:00,63.6500,63.6500,63.6000,63.6500,14400
2019-01-01 22:44:00,63.6000,63.6000,63.6000,63.6000,800
2019-01-01 22:43:00,63.6000,63.6000,63.6000,63.6000,0
2019-01-01 22:42:00,63.5500,63.5500,63.5500,63.5500,16800
2019-01-01 22:41:00,63.6000,63.6000,63.6000,63.6000,0
2019-01-01 22:40:00,63.5500,63.5500,63.5500,63.5500,71600
2019-01-01 22:39:00,63.5500,63.5500,63.5500,63.5500,11200
2019-01-01 22:38:00,63.6000,63.6000,63.6000,63.6000,5200
2019-01-01 22:37:00,63.5500,63.5500,63.5500,63.5500,400
2019-01-01 22:36:00,63.6000,63.6000,63.6000,63.6000,73200
2019-01-01 22:35:00,63.5000,63.5500,63.5000,63.5500,46800
2019-01-01 22:34:00,63.5000,63.5000,63.5000,63.5000,1400
2019-01-01 22:33:00,63.4500,63.4500,63.4500,63.4500,6000
2019-01-01 22:32:00,63.4500,63.4500,63.4000,63.4500,18400
2019-01-01 22:31:00,63.5000,63.5000,63.4500,63.4500,263200
2019-01-01 22:30:00,63.5500,63.5500,63.5500,63.5500,5307
2019-01-01 22:29:00,63.5500,63.5500,63.5000,63.5000,48107
2019-01-01 22:28:00,63.5500,63.6000,63.5500,63.6000,5662
2019-01-01 22:27:00,63.5500,63.6000,63.5500,63.6000,18400
2019-01-01 22:26:00,63.6500,63.6500,63.5500,63.6000,74800
2019-01-01 22:25:00,63.6500,63.6500,63.6500,63.6500,24400
2019-01-01 22:24:00,63.6500,63.7000,63.6500,63.7000,5678
2019-01-01 22:23:00,63.7000,63.7000,63.7000,63.7000,13600
2019-01-01 22:22:00,63.7000,63.7000,63.7000,63.7000,5200
2019-01-01 22:21:00,63.6000,63.6500,63.6000,63.6500,58400
2019-01-01 22:20:00,63.5000,63.5500,63.5000,63.5500,23200
2019-01-01 22:19:00,63.5500,63.5500,63.5500,63.5500,9200
2019-01-01 22:18:00,63.5500,63.5500,63.5500,63.5500,29200
2019-01-01 22:17:00,63.5500,63.6000,63.5000,63.5000,132800
2019-01-01 22:16:00,63.5500,63.6000,63.5500,63.5500,87600
2019-01-01 22:15:00,63.5500,63.6000,63.5500,63.6000,44800
2019-01-01 22:14:00,63.5500,63.5500,63.5500,63.5500,20000
2019-01-01 22:13:00,63.5000,63.5000,63.5000,63.5000,9600
2019-01-01 22:12:00,63.5000,63.5000,63.5000,63.5000,10000
2019-01-01 22:11:00,63.4500,63.4500,63.4500,63.4500,48801
2019-01-01 22:10:00,63.5000,63.5000,63.5000,63.5000,55601
2019-01-01 22:09:00,63.4500,63.5000,63.4000,63.5000,135200
2019-01-01 22:08:00,63.5000,63.5000,63.4500,63.5000,98000
2019-01-01 22:07:00,63.5000,63.5000,63.5000,63.5000,35034
2019-01-01 22:06:00,63.5000,63.5500,63.5000,63.5000,95200
2019-01-01 22:05:00,63.5500,63.5500,63.5000,63.5000,148400
2019-01-01 22:04:00,63.5500,63.5500,63.5500,63.5500,20000
2019-01-01 22:03:00,63.5500,63.5500,63.5500,63.5500,9200
2019-01-01 22:02:00,63.5000,63.5500,63.5000,63.5500,31200
2019-01-01 22:01:00,63.5500,63.5500,63.5000,63.5500,37482
2019-01-01 22:00:00,63.5500,63.5500,63.5500,63.5500,4400
2019-01-01 21:59:00,63.5500,63.5500,63.5500,63.5500,40400
2019-01-01 21:58:00,63.6000,63.6000,63.6000,63.6000,10000
2019-01-01 21:57:00,63.6000,63.6000,63.5500,63.5500,21200
2019-01-01 21:56:00,63.6000,63.6000,63.5000,63.6000,76000
2019-01-01 21:55:00,63.6000,63.6000,63.6000,63.6000,34800
2019-01-01 21:54:00,63.6500,63.6500,63.5500,63.6500,83366
2019-01-01 21:53:00,63.6000,63.6000,63.6000,63.6000,66000
2019-01-01 21:52:00,63.5000,63.6000,63.5000,63.6000,91200
2019-01-01 21:51:00,63.4500,63.5000,63.4500,63.4500,39200
2019-01-01 21:50:00,63.5000,63.5000,63.4500,63.5000,117200
2019-01-01 21:49:00,63.4500,63.4500,63.4000,63.4500,25576
2019-01-01 21:48:00,63.4500,63.4500,63.4000,63.4500,33652
2019-01-01 21:47:00,63.4500,63.4500,63.4500,63.4500,32000
2019-01-01 21:46:00,63.5000,63.5000,63.4500,63.5000,16001
2019-01-01 21:45:00,63.5000,63.5500,63.4500,63.5000,51708
2019-01-01 21:44:00,63.5000,63.5000,63.4500,63.5000,19600
2019-01-01 21:43:00,63.4500,63.5000,63.4000,63.5000,102800
2019-01-01 21:42:00,63.4000,63.4500,63.3500,63.4500,88000
2019-01-01 21:41:00,63.4000,63.4000,63.4000,63.4000,23600
2019-01-01 21:40:00,63.4000,63.4000,63.4000,63.4000,23200
2019-01-01 21:39:00,63.3000,63.3500,63.3000,63.3500,148000
2019-01-01 21:38:00,63.5000,63.5000,63.3000,63.3000,676000
2019-01-01 21:37:00,63.5500,63.5500,63.5000,63.5500,77600
2019-01-01 21:36:00,63.5500,63.5500,63.5000,63.5500,64000
2019-01-01 21:35:00,63.5500,63.6000,63.5500,63.6000,7200
2019-01-01 21:34:00,63.6000,63.6000,63.5500,63.5500,63200
2019-01-01 21:33:00,63.6500,63.6500,63.5500,63.6000,142814
2019-01-01 21:32:00,63.6000,63.6500,63.6000,63.6500,70400
2019-01-01 21:31:00,63.5500,63.6000,63.5500,63.6000,28000
2019-01-01 21:30:00,63.6500,63.6500,63.6000,63.6000,182800
2019-01-01 21:29:00,63.6500,63.7000,63.6500,63.7000,9600
2019-01-01 21:28:00,63.6500,63.7000,63.6500,63.7000,7200
2019-01-01 21:27:00,63.7000,63.7000,63.7000,63.7000,2000
2019-01-01 21:26:00,63.6500,63.6500,63.6500,63.6500,98800
2019-01-01 21:25:00,63.6500,63.6500,63.6500,63.6500,113600
2019-01-01 21:24:00,63.6500,63.7000,63.6500,63.7000,37200
2019-01-01 21:23:00,63.7000,63.7000,63.7000,63.7000,4400
2019-01-01 21:22:00,63.6500,63.7000,63.6500,63.7000,14400
2019-01-01 21:21:00,63.6000,63.7000,63.6000,63.7000,134800
2019-01-01 21:20:00,63.6000,63.6500,63.6000,63.6500,17600
2019-01-01 21:19:00,63.6500,63.6500,63.6500,63.6500,9600
2019-01-01 21:18:00,63.7000,63.7000,63.6500,63.6500,60800
2019-01-01 21:17:00,63.6500,63.7000,63.6500,63.7000,38400
2019-01-01 21:16:00,63.7000,63.7000,63.7000,63.7000,8800
2019-01-01 21:15:00,63.7500,63.7500,63.7000,63.7000,25596
2019-01-01 21:14:00,63.7000,63.7000,63.7000,63.7000,44400
2019-01-01 21:13:00,63.7000,63.7000,63.6500,63.7000,43310
2019-01-01 21:12:00,63.7000,63.7000,63.6500,63.7000,143600
2019-01-01 21:11:00,63.7500,63.7500,63.7500,63.7500,82000
2019-01-01 21:10:00,63.7000,63.8000,63.7000,63.8000,121200
2019-01-01 21:09:00,63.6500,63.7000,63.6500,63.7000,39200
2019-01-01 21:08:00,63.7000,63.7000,63.7000,63.7000,6000
2019-01-01 21:07:00,63.6500,63.6500,63.6500,63.6500,9200
2019-01-01 21:06:00,63.7500,63.7500,63.6500,63.6500,95200
2019-01-01 21:05:00,63.8000,63.8000,63.8000,63.8000,12800
2019-01-01 21:04:00,63.8000,63.8000,63.7500,63.7500,65600
2019-01-01 21:03:00,63.8500,63.9000,63.8500,63.9000,145200
2019-01-01 21:02:00,63.6000,63.7000,63.6000,63.7000,120133
2019-01-01 21:01:00,63.6000,63.6000,63.5500,63.6000,145600
2019-01-01 21:00:00,63.6500,63.7000,63.6000,63.6000,152000
2019-01-01 20:59:00,63.8500,63.8500,63.6000,63.6000,176000
2019-01-01 20:58:00,63.8500,63.8500,63.8500,63.8500,28400
2019-01-01 20:57:00,63.8000,63.8000,63.8000,63.8000,93200
2019-01-01 20:56:00,63.7500,63.8500,63.7500,63.8000,54800
2019-01-01 20:55:00,63.9500,63.9500,63.7000,63.7500,401200
2019-01-01 20:54:00,64.0500,64.0500,64.0000,64.0000,108800
2019-01-01 20:53:00,64.1500,64.1500,64.1000,64.1000,56800
2019-01-01 20:52:00,64.1500,64.1500,64.1500,64.1500,31600
2019-01-01 20:51:00,64.1000,64.1000,64.1000,64.1000,16400
2019-01-01 20:50:00,64.1500,64.1500,64.1500,64.1500,3200
2019-01-01 20:49:00,64.1500,64.1500,64.1500,64.1500,8400
2019-01-01 20:48:00,64.1500,64.1500,64.1000,64.1000,10705
2019-01-01 20:47:00,64.1500,64.2000,64.1500,64.2000,40000
2019-01-01 20:46:00,64.1000,64.1000,64.1000,64.1000,12400
2019-01-01 20:45:00,64.2000,64.2000,64.1000,64.1000,27200
2019-01-01 20:44:00,64.3000,64.3000,64.3000,64.3000,24000
2019-01-01 20:43:00,64.3000,64.3000,64.3000,64.3000,8400
2019-01-01 20:42:00,64.3000,64.3000,64.3000,64.3000,4400
2019-01-01 20:41:00,64.4000,64.4000,64.4000,64.4000,1600
2019-01-01 20:40:00,64.4000,64.4000,64.4000,64.4000,11404
2019-01-01 20:39:00,64.4000,64.4000,64.4000,64.4000,10852
2019-01-01 20:38:00,64.4500,64.4500,64.4500,64.4500,7550
2019-01-01 20:37:00,64.4000,64.4000,64.4000,64.4000,18800
2019-01-01 20:36:00,64.5000,64.5000,64.5000,64.5000,21600
2019-01-01 20:35:00,64.6000,64.6000,64.5500,64.5500,18401
2019-01-01 20:34:00,64.6000,64.6000,64.6000,64.6000,5601
2019-01-01 20:33:00,64.6000,64.6000,64.6000,64.6000,12401
2019-01-01 20:32:00,64.6500,64.6500,64.6500,64.6500,14667
2019-01-01 20:31:00,64.6000,64.6500,64.6000,64.6500,58000
2019-01-01 20:30:00,64.8000,64.8500,64.7000,64.7000,0
2018-12-30 22:59:00,64.7000,64.7500,64.7000,64.7500,138000
2018-12-30 22:58:00,64.7000,64.7000,64.6500,64.7000,76800
2018-12-30 22:57:00,64.6500,64.7000,64.6500,64.7000,24000
2018-12-30 22:56:00,64.7000,64.7000,64.7000,64.7000,36092
2018-12-30 22:55:00,64.7000,64.7000,64.7000,64.7000,28400
2018-12-30 22:54:00,64.7000,64.7000,64.7000,64.7000,52800
2018-12-30 22:53:00,64.7000,64.7500,64.7000,64.7500,76400
2018-12-30 22:52:00,64.7000,64.7000,64.7000,64.7000,25600
2018-12-30 22:51:00,64.7000,64.7000,64.7000,64.7000,15144
2018-12-30 22:50:00,64.7000,64.7000,64.7000,64.7000,11166
2018-12-30 22:49:00,64.7500,64.7500,64.7000,64.7000,23600
2018-12-30 22:48:00,64.7000,64.7000,64.7000,64.7000,8000
2018-12-30 22:47:00,64.7000,64.7500,64.7000,64.7500,20400
2018-12-30 22:46:00,64.7000,64.7000,64.6500,64.6500,64400
2018-12-30 22:45:00,64.7000,64.7000,64.7000,64.7000,6400
2018-12-30 22:44:00,64.7000,64.7500,64.7000,64.7500,16000
2018-12-30 22:43:00,64.7500,64.7500,64.7500,64.7500,21200
2018-12-30 22:42:00,64.7500,64.7500,64.7500,64.7500,115113
2018-12-30 22:41:00,64.7500,64.7500,64.7500,64.7500,145600
2018-12-30 22:40:00,64.7500,64.7500,64.7500,64.7500,11600
2018-12-30 22:39:00,64.7000,64.7000,64.6500,64.7000,14206
2018-12-30 22:38:00,64.7000,64.7000,64.7000,64.7000,22000
2018-12-30 22:37:00,64.7000,64.7000,64.7000,64.7000,73200
2018-12-30 22:36:00,64.7000,64.7000,64.6500,64.6500,32812
2018-12-30 22:35:00,64.7500,64.7500,64.7500,64.7500,14400
2018-12-30 22:34:00,64.7000,64.7000,64.7000,64.7000,2000
2018-12-30 22:33:00,64.7000,64.7500,64.7000,64.7500,58000
2018-12-30 22:32:00,64.7000,64.7000,64.7000,64.7000,4000
2018-12-30 22:31:00,64.7500,64.7500,64.7000,64.7000,8400
2018-12-30 22:30:00,64.7500,64.7500,64.7500,64.7500,8000
2018-12-30 22:29:00,64.7500,64.7500,64.7500,64.7500,262078
2018-12-30 22:28:00,64.7500,64.7500,64.7500,64.7500,16800
2018-12-30 22:27:00,64.8000,64.8000,64.7500,64.7500,7600
2018-12-30 22:26:00,64.8000,64.8000,64.7500,64.7500,28400
2018-12-30 22:25:00,64.7500,64.7500,64.7500,64.7500,1550
2018-12-30 22:24:00,64.7500,64.7500,64.7500,64.7500,9600
2018-12-30 22:23:00,64.7500,64.7500,64.7500,64.7500,4800
2018-12-30 22:22:00,64.7500,64.7500,64.7500,64.7500,3201
2018-12-30 22:21:00,64.7500,64.7500,64.7500,64.7500,4001
2018-12-30 22:20:00,64.7500,64.7500,64.7500,64.7500,22000
2018-12-30 22:19:00,64.7500,64.7500,64.7500,64.7500,14812
2018-12-30 22:18:00,64.8000,64.8000,64.7500,64.8000,40400
2018-12-30 22:17:00,64.7500,64.7500,64.7500,64.7500,19200
2018-12-30 22:16:00,64.8000,64.8000,64.7500,64.7500,42800
2018-12-30 22:15:00,64.7000,64.8000,64.7000,64.8000,60000
2018-12-30 22:14:00,64.7000,64.7500,64.7000,64.7500,29200
2018-12-30 22:13:00,64.7500,64.7500,64.7500,64.7500,19600
2018-12-30 22:12:00,64.7500,64.7500,64.7000,64.7500,73600
2018-12-30 22:11:00,64.7500,64.8000,64.7500,64.8000,24000
2018-12-30 22:10:00,64.7500,64.7500,64.7500,64.7500,28400
2018-12-30 22:09:00,64.7500,64.7500,64.7500,64.7500,39427
2018-12-30 22:08:00,64.7500,64.7500,64.7000,64.7000,42519
2018-12-30 22:07:00,64.7000,64.7500,64.7000,64.7000,109344
2018-12-30 22:06:00,64.7500,64.7500,64.7500,64.7500,28434
2018-12-30 22:05:00,64.7500,64.8000,64.7500,64.8000,52000
2018-12-30 22:04:00,64.7000,64.8000,64.7000,64.8000,308800
2018-12-30 22:03:00,64.7500,64.7500,64.7500,64.7500,0
2018-12-30 22:02:00,64.7000,64.7500,64.7000,64.7500,87600
2018-12-30 22:01:00,64.7000,64.7000,64.7000,64.7000,4400
2018-12-30 22:00:00,64.6500,64.7000,64.6500,64.7000,32436
2018-12-30 21:59:00,64.6500,64.6500,64.6500,64.6500,2000
2018-12-30 21:58:00,64.6500,64.7000,64.6500,64.7000,22400
2018-12-30 21:57:00,64.6500,64.7000,64.6500,64.6500,72800
2018-12-30 21:55:00,64.6500,64.7000,64.6500,64.6500,20454
2018-12-30 21:54:00,64.6500,64.6500,64.6500,64.6500,34800
2018-12-30 21:52:00,64.6000,64.6500,64.6000,64.6500,24338
2018-12-30 21:50:00,64.6500,64.6500,64.6500,64.6500,24000
2018-12-30 21:49:00,64.6500,64.6500,64.6500,64.6500,12866
2018-12-30 21:48:00,64.6000,64.7000,64.6000,64.7000,13431
2018-12-30 21:47:00,64.6500,64.6500,64.6500,64.6500,33600
2018-12-30 21:46:00,64.6500,64.6500,64.6500,64.6500,48800
2018-12-30 21:44:00,64.6500,64.7500,64.6500,64.6500,170909
2018-12-30 21:43:00,64.6000,64.6000,64.6000,64.6000,1600
2018-12-30 21:42:00,64.6000,64.6500,64.6000,64.6500,18000
2018-12-30 21:41:00,64.6500,64.6500,64.6000,64.6000,21258
2018-12-30 21:40:00,64.6000,64.6500,64.6000,64.6000,154268
2018-12-30 21:39:00,64.6500,64.6500,64.6000,64.6000,30400
2018-12-30 21:38:00,64.6500,64.6500,64.6500,64.6500,3621
2018-12-30 21:37:00,64.6000,64.6500,64.6000,64.6500,35600
2018-12-30 21:36:00,64.6000,64.6500,64.6000,64.6500,12416
2018-12-30 21:35:00,64.6000,64.6000,64.6000,64.6000,13200
2018-12-30 21:34:00,64.6500,64.6500,64.6500,64.6500,15053
2018-12-30 21:33:00,64.7000,64.7000,64.7000,64.7000,22148
2018-12-30 21:32:00,64.7000,64.7000,64.6500,64.6500,19600
2018-12-30 21:31:00,64.7000,64.7000,64.7000,64.7000,12000
2018-12-30 21:30:00,64.6500,64.7000,64.6500,64.7000,57600
2018-12-30 21:29:00,64.6500,64.6500,64.6500,64.6500,19200
2018-12-30 21:28:00,64.6500,64.6500,64.6500,64.6500,2014
2018-12-30 21:27:00,64.6500,64.6500,64.6500,64.6500,23600
2018-12-30 21:26:00,64.7000,64.7000,64.6500,64.6500,66400
2018-12-30 21:25:00,64.8000,64.8000,64.7000,64.7000,171700
2018-12-30 21:24:00,64.7500,64.7500,64.7500,64.7500,16000
2018-12-30 21:23:00,64.7500,64.7500,64.7500,64.7500,16804
2018-12-30 21:22:00,64.8000,64.8000,64.7500,64.7500,15200
2018-12-30 21:21:00,64.7500,64.7500,64.7500,64.7500,37600
2018-12-30 21:20:00,64.7500,64.8000,64.7500,64.7500,64597
2018-12-30 21:19:00,64.7500,64.7500,64.7500,64.7500,10086
2018-12-30 21:18:00,64.7500,64.8000,64.7500,64.7500,10400
2018-12-30 21:17:00,64.7500,64.8000,64.7500,64.8000,14000
2018-12-30 21:16:00,64.7500,64.8000,64.7500,64.8000,14400
2018-12-30 21:15:00,64.8000,64.8000,64.7500,64.7500,6800
2018-12-30 21:14:00,64.8000,64.8000,64.7500,64.8000,38400
2018-12-30 21:13:00,64.7500,64.8000,64.7500,64.8000,89317
2018-12-30 21:12:00,64.6500,64.7500,64.6500,64.7500,54285
2018-12-30 21:11:00,64.7000,64.7000,64.7000,64.7000,28470
2018-12-30 21:10:00,64.7000,64.7500,64.7000,64.7000,73155
2018-12-30 21:09:00,64.7500,64.7500,64.7000,64.7000,75200
2018-12-30 21:08:00,64.7500,64.7500,64.7500,64.7500,34400
2018-12-30 21:07:00,64.7500,64.7500,64.7500,64.7500,11886
2018-12-30 21:06:00,64.7500,64.7500,64.7500,64.7500,42800
2018-12-30 21:05:00,64.7500,64.7500,64.7500,64.7500,9200
2018-12-30 21:04:00,64.8000,64.8000,64.7500,64.8000,21600
2018-12-30 21:03:00,64.7500,64.8000,64.7500,64.8000,27600
2018-12-30 21:02:00,64.7500,64.8000,64.7500,64.8000,55600
2018-12-30 21:01:00,64.7000,64.7500,64.7000,64.7500,70000
2018-12-30 21:00:00,64.7500,64.7500,64.7500,64.7500,15600
2018-12-30 20:59:00,64.7500,64.7500,64.7500,64.7500,22000
2018-12-30 20:58:00,64.8000,64.8000,64.7500,64.7500,87890
2018-12-30 20:57:00,64.7000,64.8000,64.7000,64.8000,107200
2018-12-30 20:56:00,64.7500,64.7500,64.7500,64.7500,63756
2018-12-30 20:55:00,64.7500,64.8000,64.7500,64.7500,34001
2018-12-30 20:54:00,64.8000,64.8000,64.7500,64.7500,76400
2018-12-30 20:53:00,64.7500,64.7500,64.7500,64.7500,30400
2018-12-30 20:52:00,64.7500,64.8000,64.7500,64.7500,26000
2018-12-30 20:51:00,64.7500,64.7500,64.7500,64.7500,79201
2018-12-30 20:50:00,64.7500,64.7500,64.7500,64.7500,44800
2018-12-30 20:49:00,64.7500,64.8000,64.7500,64.7500,47877
2018-12-30 20:48:00,64.8000,64.8000,64.7500,64.7500,4446
2018-12-30 20:47:00,64.7500,64.7500,64.7500,64.7500,30000
2018-12-30 20:46:00,64.7500,64.7500,64.7500,64.7500,4400
2018-12-30 20:45:00,64.8000,64.8000,64.8000,64.8000,5600
2018-12-30 20:44:00,64.7000,64.8000,64.7000,64.8000,99600
2018-12-30 20:43:00,64.7000,64.7500,64.7000,64.7500,118808
2018-12-30 20:42:00,64.7000,64.7000,64.6500,64.7000,56829
2018-12-30 20:41:00,64.6500,64.6500,64.6500,64.6500,12800
2018-12-30 20:40:00,64.7500,64.7500,64.6500,64.7000,19200
2018-12-30 20:39:00,64.6500,64.7500,64.6500,64.7000,122078
2018-12-30 20:38:00,64.6500,64.7000,64.6000,64.6500,66500
2018-12-30 20:37:00,64.6500,64.7000,64.6500,64.6500,96500
2018-12-30 20:36:00,64.7000,64.7000,64.6500,64.7000,22800
2018-12-30 20:35:00,64.6000,64.7000,64.6000,64.6500,73600
2018-12-30 20:34:00,64.6000,64.6500,64.6000,64.6000,46449
2018-12-30 20:33:00,64.5500,64.6000,64.5000,64.6000,58838
2018-12-30 20:32:00,64.5000,64.5500,64.4500,64.5500,31002
2018-12-30 20:31:00,64.4500,64.5500,64.4500,64.5000,154400
2018-12-30 20:30:00,64.7500,64.7500,64.4000,64.4000,293931
2018-12-28 03:08:00,63.7500,64.3500,63.7500,64.3500,1225600
2018-12-28 02:59:00,63.8500,63.8500,63.7500,63.8000,81200
2018-12-28 02:58:00,63.8500,63.8500,63.8500,63.8500,16416
2018-12-28 02:57:00,63.7500,63.7500,63.7000,63.7500,80800
2018-12-28 02:56:00,63.8000,63.8000,63.7500,63.7500,64800
2018-12-28 02:55:00,63.8500,63.8500,63.8500,63.8500,15600
2018-12-28 02:54:00,63.8000,63.8000,63.8000,63.8000,34000
2018-12-28 02:53:00,63.8000,63.8000,63.7500,63.7500,68800
2018-12-28 02:51:00,63.8000,63.8000,63.7500,63.7500,49000
2018-12-28 02:50:00,63.7000,63.7000,63.7000,63.7000,41600
2018-12-28 02:49:00,63.8000,63.8000,63.7500,63.7500,139200
2018-12-28 02:48:00,63.7500,63.7500,63.7500,63.7500,400
2018-12-28 02:47:00,63.7500,63.7500,63.7500,63.7500,12000
2018-12-28 02:45:00,63.8000,63.8000,63.8000,63.8000,14400
2018-12-28 02:44:00,63.7500,63.7500,63.7500,63.7500,18017
2018-12-28 02:43:00,63.7500,63.7500,63.7000,63.7000,50403
2018-12-28 02:42:00,63.7500,63.7500,63.7500,63.7500,61600
2018-12-28 02:41:00,63.7000,63.7500,63.7000,63.7500,33225
2018-12-28 02:40:00,63.7000,63.7000,63.6500,63.6500,42000
2018-12-28 02:39:00,63.7000,63.7000,63.7000,63.7000,22800
2018-12-28 02:38:00,63.7000,63.7000,63.7000,63.7000,64800
2018-12-28 02:37:00,63.7000,63.7000,63.7000,63.7000,10000
2018-12-28 02:36:00,63.7000,63.7000,63.7000,63.7000,17200
2018-12-28 02:35:00,63.6500,63.6500,63.6500,63.6500,168400
2018-12-28 02:34:00,63.6500,63.6500,63.6500,63.6500,8400
2018-12-28 02:33:00,63.6500,63.6500,63.6500,63.6500,4400
2018-12-28 02:32:00,63.6500,63.6500,63.6500,63.6500,5694
2018-12-28 02:31:00,63.6500,63.6500,63.6500,63.6500,42000
2018-12-28 02:30:00,63.7000,63.7000,63.6500,63.6500,188400
2018-12-28 02:29:00,63.7000,63.7000,63.7000,63.7000,52000
2018-12-28 02:28:00,63.7000,63.7000,63.7000,63.7000,16800
2018-12-28 02:27:00,63.7000,63.7000,63.7000,63.7000,22454
2018-12-28 02:26:00,63.7000,63.7000,63.7000,63.7000,31200
2018-12-28 02:25:00,63.7000,63.7000,63.7000,63.7000,11600
2018-12-28 02:24:00,63.7000,63.7000,63.7000,63.7000,36797
2018-12-28 02:23:00,63.7000,63.7000,63.7000,63.7000,47200
2018-12-28 02:22:00,63.7000,63.7000,63.7000,63.7000,11200
2018-12-28 02:21:00,63.7000,63.7000,63.7000,63.7000,20508
2018-12-28 02:20:00,63.7000,63.7000,63.7000,63.7000,14200
2018-12-28 02:19:00,63.7000,63.7000,63.7000,63.7000,0
2018-12-28 02:18:00,63.7500,63.7500,63.7000,63.7000,170421
2018-12-28 02:17:00,63.7500,63.7500,63.7500,63.7500,6800
2018-12-28 02:16:00,63.7000,63.7500,63.7000,63.7500,18400
2018-12-28 02:15:00,63.7500,63.7500,63.7000,63.7000,18000
2018-12-28 02:14:00,63.7500,63.7500,63.7500,63.7500,7200
2018-12-28 02:13:00,63.7500,63.7500,63.7000,63.7000,50000
2018-12-28 02:12:00,63.7500,63.7500,63.7000,63.7500,68800
2018-12-28 02:11:00,63.7000,63.7500,63.7000,63.7500,144000
2018-12-28 02:10:00,63.7000,63.7000,63.7000,63.7000,12400
2018-12-28 02:09:00,63.7000,63.7000,63.7000,63.7000,409205
2018-12-28 02:08:00,63.7500,63.7500,63.7500,63.7500,31200
2018-12-28 02:07:00,63.7500,63.7500,63.7500,63.7500,11600
2018-12-28 02:06:00,63.7500,63.7500,63.7500,63.7500,48400
2018-12-28 02:05:00,63.8000,63.8000,63.8000,63.8000,4400
2018-12-28 02:04:00,63.8000,63.8000,63.8000,63.8000,2800
2018-12-28 02:02:00,63.7500,63.7500,63.7500,63.7500,14800
2018-12-28 02:01:00,63.7500,63.8000,63.7500,63.8000,136000
2018-12-28 02:00:00,63.7500,63.7500,63.7500,63.7500,48400
2018-12-28 01:59:00,63.7000,63.7500,63.7000,63.7500,13200
2018-12-28 01:58:00,63.7500,63.7500,63.7500,63.7500,6800
2018-12-28 01:57:00,63.7500,63.7500,63.7500,63.7500,9356
2018-12-28 01:56:00,63.7500,63.7500,63.7000,63.7000,14846
2018-12-28 01:55:00,63.7500,63.7500,63.7500,63.7500,29200
2018-12-28 01:54:00,63.7000,63.7000,63.7000,63.7000,15200
2018-12-28 01:53:00,63.7500,63.7500,63.7500,63.7500,26001
2018-12-28 01:52:00,63.7500,63.7500,63.7500,63.7500,10400
2018-12-28 01:51:00,63.7500,63.7500,63.7500,63.7500,10400
2018-12-28 01:50:00,63.7500,63.7500,63.7500,63.7500,25200
2018-12-28 01:49:00,63.7500,63.7500,63.7000,63.7000,8800
2018-12-28 01:48:00,63.7500,63.7500,63.7500,63.7500,4800
2018-12-28 01:47:00,63.7500,63.7500,63.7500,63.7500,53650
2018-12-28 01:46:00,63.7500,63.7500,63.7500,63.7500,22800
2018-12-28 01:45:00,63.7500,63.7500,63.7500,63.7500,14621
2018-12-28 01:44:00,63.7500,63.7500,63.7500,63.7500,18400
2018-12-28 01:43:00,63.7500,63.7500,63.7500,63.7500,14800
2018-12-28 01:42:00,63.7500,63.7500,63.7500,63.7500,101200
2018-12-28 01:41:00,63.8000,63.8000,63.8000,63.8000,2000
2018-12-28 01:39:00,63.7500,63.7500,63.7500,63.7500,1600
2018-12-28 01:38:00,63.7500,63.7500,63.7500,63.7500,47200
2018-12-28 01:37:00,63.8000,63.8000,63.8000,63.8000,9200
2018-12-28 01:36:00,63.8000,63.8000,63.8000,63.8000,20400
2018-12-28 01:35:00,63.7500,63.8000,63.7500,63.8000,38400
2018-12-28 01:34:00,63.7500,63.7500,63.7500,63.7500,24800
2018-12-28 01:33:00,63.7500,63.7500,63.7500,63.7500,17200
2018-12-28 01:31:00,63.7500,63.7500,63.7500,63.7500,9000
2018-12-28 01:30:00,63.7500,63.7500,63.7500,63.7500,7635
2018-12-28 01:29:00,63.7500,63.7500,63.7500,63.7500,5200
2018-12-28 01:28:00,63.7500,63.7500,63.7500,63.7500,27382
2018-12-28 01:27:00,63.7500,63.7500,63.7500,63.7500,8800
2018-12-28 01:26:00,63.7000,63.7000,63.7000,63.7000,32580
2018-12-28 01:25:00,63.7500,63.7500,63.7000,63.7000,18000
2018-12-28 01:24:00,63.7500,63.7500,63.7500,63.7500,24400
2018-12-28 01:23:00,63.7500,63.7500,63.7500,63.7500,40000
2018-12-28 01:22:00,63.7500,63.7500,63.7500,63.7500,16400
2018-12-28 01:20:00,63.7500,63.7500,63.7500,63.7500,802
2018-12-28 01:19:00,63.7500,63.7500,63.7500,63.7500,32000
2018-12-28 01:18:00,63.7500,63.7500,63.7500,63.7500,2400
2018-12-28 01:16:00,63.7500,63.8000,63.7000,63.7000,213200
2018-12-28 01:15:00,63.7000,63.7500,63.7000,63.7500,18800
2018-12-28 01:14:00,63.7000,63.7500,63.7000,63.7500,22400
2018-12-28 01:13:00,63.7500,63.7500,63.7500,63.7500,7600
2018-12-28 01:12:00,63.7000,63.7500,63.7000,63.7000,29600
2018-12-28 01:09:00,63.7500,63.7500,63.7500,63.7500,4800
2018-12-28 01:08:00,63.7000,63.7500,63.7000,63.7500,20569
2018-12-28 01:06:00,63.7500,63.7500,63.7500,63.7500,8300
2018-12-28 01:05:00,63.7500,63.7500,63.7000,63.7000,152000
2018-12-28 01:03:00,63.8000,63.8000,63.7500,63.8000,37200
2018-12-28 01:02:00,63.8000,63.8000,63.8000,63.8000,10800
2018-12-28 01:00:00,63.7500,63.8000,63.7500,63.8000,84000
2018-12-28 00:59:00,63.8000,63.8000,63.8000,63.8000,24800
2018-12-28 00:58:00,63.8000,63.8000,63.8000,63.8000,11166
2018-12-28 00:57:00,63.8000,63.8000,63.8000,63.8000,7200
2018-12-28 00:56:00,63.8000,63.8000,63.8000,63.8000,9200
2018-12-28 00:55:00,63.8000,63.8000,63.8000,63.8000,4800
2018-12-28 00:54:00,63.7500,63.8000,63.7500,63.8000,34000
2018-12-28 00:53:00,63.8000,63.8000,63.8000,63.8000,316400
2018-12-28 00:52:00,63.8500,63.8500,63.8000,63.8000,25608
2018-12-28 00:50:00,63.8500,63.8500,63.8500,63.8500,14800
2018-12-28 00:49:00,63.8500,63.8500,63.8500,63.8500,10400
2018-12-28 00:47:00,63.8500,63.8500,63.8500,63.8500,2400
2018-12-28 00:46:00,63.8500,63.8500,63.8500,63.8500,9600
2018-12-28 00:45:00,63.8500,63.8500,63.8500,63.8500,24000
2018-12-28 00:44:00,63.8500,63.8500,63.8500,63.8500,15600
2018-12-28 00:43:00,63.8000,63.8000,63.8000,63.8000,5600
2018-12-28 00:42:00,63.8500,63.8500,63.8500,63.8500,15200
2018-12-28 00:40:00,63.8500,63.8500,63.8500,63.8500,7200
2018-12-28 00:38:00,63.8000,63.8000,63.8000,63.8000,16000
2018-12-28 00:36:00,63.8500,63.8500,63.8500,63.8500,3600
2018-12-28 00:35:00,63.8500,63.8500,63.8500,63.8500,2000
2018-12-28 00:34:00,63.8000,63.8000,63.8000,63.8000,14000
2018-12-28 00:33:00,63.8500,63.8500,63.8500,63.8500,4800
2018-12-28 00:32:00,63.8500,63.8500,63.8500,63.8500,19200
2018-12-28 00:30:00,63.8500,63.8500,63.8000,63.8000,7600
2018-12-28 00:29:00,63.8500,63.8500,63.8500,63.8500,11213
2018-12-28 00:27:00,63.8500,63.8500,63.8500,63.8500,0
2018-12-28 00:26:00,63.8500,63.8500,63.8500,63.8500,18000
2018-12-28 00:25:00,63.8500,63.8500,63.8500,63.8500,2400
2018-12-28 00:23:00,63.8500,63.8500,63.8500,63.8500,9227
2018-12-28 00:22:00,63.8500,63.8500,63.8500,63.8500,6400
2018-12-28 00:20:00,63.8500,63.8500,63.8500,63.8500,53200
2018-12-28 00:18:00,63.9000,63.9000,63.9000,63.9000,0
2018-12-28 00:16:00,63.9000,63.9000,63.9000,63.9000,3200
2018-12-28 00:14:00,63.9000,63.9000,63.9000,63.9000,69600
2018-12-28 00:13:00,63.9000,63.9000,63.9000,63.9000,143200
2018-12-28 00:11:00,63.9000,63.9000,63.9000,63.9000,83600
2018-12-28 00:10:00,63.9000,63.9000,63.9000,63.9000,4000
2018-12-28 00:09:00,63.9000,63.9000,63.9000,63.9000,11600
2018-12-28 00:08:00,63.8500,63.9000,63.8500,63.9000,15600
2018-12-28 00:07:00,63.8500,63.8500,63.8500,63.8500,22400
2018-12-28 00:06:00,63.8500,63.8500,63.8500,63.8500,241714
2018-12-28 00:05:00,63.8000,63.8000,63.8000,63.8000,1200
2018-12-28 00:04:00,63.8000,63.8000,63.8000,63.8000,1200
2018-12-28 00:01:00,63.8000,63.8000,63.8000,63.8000,1325
2018-12-28 00:00:00,63.8000,63.8500,63.8000,63.8500,154800
2018-12-27 22:59:00,63.8000,63.8000,63.8000,63.8000,800
2018-12-27 22:58:00,63.8000,63.8000,63.8000,63.8000,20400
2018-12-27 22:57:00,63.8000,63.8000,63.8000,63.8000,6400
2018-12-27 22:56:00,63.8000,63.8000,63.8000,63.8000,24400
2018-12-27 22:55:00,63.8000,63.8000,63.8000,63.8000,6000
2018-12-27 22:54:00,63.8000,63.8000,63.8000,63.8000,2000
2018-12-27 22:53:00,63.8000,63.8000,63.8000,63.8000,1640
2018-12-27 22:52:00,63.8000,63.8000,63.8000,63.8000,4400
2018-12-27 22:50:00,63.8000,63.8000,63.8000,63.8000,5200
2018-12-27 22:49:00,63.7500,63.7500,63.7500,63.7500,4000
2018-12-27 22:47:00,63.8000,63.8000,63.8000,63.8000,4800
2018-12-27 22:46:00,63.8000,63.8000,63.8000,63.8000,2400
2018-12-27 22:45:00,63.8000,63.8000,63.8000,63.8000,9600
2018-12-27 22:44:00,63.8000,63.8000,63.8000,63.8000,0
2018-12-27 22:43:00,63.8000,63.8000,63.8000,63.8000,16800
2018-12-27 22:42:00,63.8000,63.8000,63.8000,63.8000,2800
2018-12-27 22:41:00,63.8000,63.8000,63.8000,63.8000,4000
2018-12-27 22:40:00,63.8000,63.8000,63.8000,63.8000,1600
2018-12-27 22:39:00,63.8000,63.8000,63.8000,63.8000,1200
2018-12-27 22:38:00,63.7500,63.7500,63.7500,63.7500,1600
2018-12-27 22:37:00,63.7500,63.7500,63.7500,63.7500,29200
2018-12-27 22:36:00,63.8000,63.8000,63.8000,63.8000,0
2018-12-27 22:35:00,63.8000,63.8000,63.8000,63.8000,4000
2018-12-27 22:33:00,63.7500,63.7500,63.7500,63.7500,6408
2018-12-27 22:32:00,63.8000,63.8000,63.8000,63.8000,5466
2018-12-27 22:31:00,63.8000,63.8000,63.8000,63.8000,2400
2018-12-27 22:29:00,63.8000,63.8000,63.8000,63.8000,10400
2018-12-27 22:28:00,63.8000,63.8000,63.8000,63.8000,4000
2018-12-27 22:27:00,63.7500,63.7500,63.7500,63.7500,2409
2018-12-27 22:26:00,63.7500,63.8000,63.7500,63.8000,16400
2018-12-27 22:25:00,63.8000,63.8000,63.8000,63.8000,69200
2018-12-27 22:24:00,63.8000,63.8000,63.8000,63.8000,12000
2018-12-27 22:23:00,63.8500,63.8500,63.8500,63.8500,0
2018-12-27 22:22:00,63.8500,63.8500,63.8500,63.8500,20800
2018-12-27 22:20:00,63.8500,63.8500,63.8000,63.8000,17200
2018-12-27 22:19:00,63.8000,63.8000,63.8000,63.8000,2924
2018-12-27 22:18:00,63.8500,63.8500,63.8500,63.8500,0
2018-12-27 22:17:00,63.8500,63.8500,63.8000,63.8000,162000
2018-12-27 22:15:00,63.7500,63.8000,63.7500,63.8000,84000
2018-12-27 22:14:00,63.8500,63.8500,63.8000,63.8000,366000
2018-12-27 22:13:00,63.8000,63.8500,63.8000,63.8000,30400
2018-12-27 22:11:00,63.8500,63.8500,63.8500,63.8500,77100
2018-12-27 22:10:00,63.8000,63.8000,63.8000,63.8000,12000
2018-12-27 22:09:00,63.8000,63.8000,63.8000,63.8000,13600
2018-12-27 22:06:00,63.8500,63.8500,63.8500,63.8500,24800
2018-12-27 22:05:00,63.8500,63.8500,63.8500,63.8500,2606
2018-12-27 22:04:00,63.8500,63.8500,63.8500,63.8500,2000
2018-12-27 22:03:00,63.8500,63.8500,63.8500,63.8500,28000
2018-12-27 22:02:00,63.8000,63.8500,63.8000,63.8500,76400
2018-12-27 22:00:00,63.8500,63.8500,63.8500,63.8500,183216
2018-12-27 21:59:00,63.8000,63.8000,63.8000,63.8000,800
2018-12-27 21:58:00,63.8500,63.8500,63.8500,63.8500,3600
2018-12-27 21:57:00,63.8000,63.8000,63.8000,63.8000,3445
2018-12-27 21:56:00,63.8500,63.8500,63.8500,63.8500,4467
2018-12-27 21:55:00,63.8000,63.8000,63.8000,63.8000,52000
2018-12-27 21:54:00,63.8500,63.8500,63.8500,63.8500,4800
2018-12-27 21:53:00,63.8000,63.8000,63.8000,63.8000,15200
2018-12-27 21:51:00,63.8500,63.8500,63.8500,63.8500,0
2018-12-27 21:50:00,63.8500,63.8500,63.8500,63.8500,21751
2018-12-27 21:49:00,63.8500,63.8500,63.8500,63.8500,72000
2018-12-27 21:47:00,63.8500,63.8500,63.8500,63.8500,7200
2018-12-27 21:46:00,63.8000,63.8000,63.8000,63.8000,138833
2018-12-27 21:45:00,63.8000,63.8000,63.8000,63.8000,8501
2018-12-27 21:44:00,63.8000,63.8000,63.8000,63.8000,5600
2018-12-27 21:42:00,63.8500,63.8500,63.8000,63.8000,105600
2018-12-27 21:40:00,63.8000,63.8000,63.8000,63.8000,187600
2018-12-27 21:39:00,63.7500,63.8000,63.7500,63.8000,45600
2018-12-27 21:38:00,63.8000,63.8000,63.8000,63.8000,1200
2018-12-27 21:37:00,63.8000,63.8000,63.8000,63.8000,5200
2018-12-27 21:36:00,63.8000,63.8000,63.8000,63.8000,6000
2018-12-27 21:35:00,63.8000,63.8000,63.8000,63.8000,93200
2018-12-27 21:34:00,63.8500,63.8500,63.8500,63.8500,12400
2018-12-27 21:33:00,63.8500,63.8500,63.8500,63.8500,1200
2018-12-27 21:31:00,63.8000,63.8000,63.8000,63.8000,65186
2018-12-27 21:30:00,63.8000,63.8000,63.8000,63.8000,2800
2018-12-27 21:29:00,63.8000,63.8000,63.8000,63.8000,9566
2018-12-27 21:27:00,63.7500,63.8000,63.7500,63.7500,41200
2018-12-27 21:26:00,63.7500,63.8000,63.7500,63.8000,36800
2018-12-27 21:25:00,63.8000,63.8000,63.7500,63.7500,41680
2018-12-27 21:23:00,63.8000,63.8000,63.8000,63.8000,28000
2018-12-27 21:21:00,63.7500,63.8000,63.7500,63.8000,5600
2018-12-27 21:20:00,63.7500,63.7500,63.7500,63.7500,16801
2018-12-27 21:19:00,63.7500,63.7500,63.7500,63.7500,63200
2018-12-27 21:18:00,63.7500,63.7500,63.7500,63.7500,6000
2018-12-27 21:17:00,63.7500,63.8000,63.7500,63.7500,64000
2018-12-27 21:16:00,63.7500,63.7500,63.7500,63.7500,7600
2018-12-27 21:15:00,63.7500,63.7500,63.7500,63.7500,20800
2018-12-27 21:12:00,63.7000,63.7000,63.7000,63.7000,81200
2018-12-27 21:11:00,63.7000,63.7000,63.6500,63.6500,5332
2018-12-27 21:10:00,63.7000,63.7000,63.6500,63.6500,17200
2018-12-27 21:09:00,63.7000,63.7000,63.7000,63.7000,8000
2018-12-27 21:08:00,63.7500,63.7500,63.7500,63.7500,1600
2018-12-27 21:07:00,63.7000,63.7000,63.7000,63.7000,28800
2018-12-27 21:06:00,63.7000,63.7000,63.7000,63.7000,30000
2018-12-27 21:05:00,63.7000,63.7000,63.7000,63.7000,30400
2018-12-27 21:04:00,63.7500,63.7500,63.7500,63.7500,4000
2018-12-27 21:03:00,63.7000,63.7000,63.7000,63.7000,41700
2018-12-27 21:02:00,63.7000,63.7000,63.7000,63.7000,3200
2018-12-27 21:01:00,63.7500,63.7500,63.7000,63.7000,17147
2018-12-27 21:00:00,63.7000,63.7000,63.7000,63.7000,36800
2018-12-27 20:59:00,63.7000,63.7000,63.7000,63.7000,0
2018-12-27 20:58:00,63.7000,63.7000,63.7000,63.7000,24011
2018-12-27 20:57:00,63.7000,63.7000,63.7000,63.7000,64000
2018-12-27 20:56:00,63.7000,63.7000,63.7000,63.7000,11600
2018-12-27 20:55:00,63.7000,63.7000,63.7000,63.7000,21200
2018-12-27 20:54:00,63.6000,63.7000,63.6000,63.7000,62000
2018-12-27 20:53:00,63.6500,63.6500,63.6500,63.6500,67600
2018-12-27 20:51:00,63.7000,63.7000,63.7000,63.7000,15600
2018-12-27 20:50:00,63.6500,63.7000,63.6500,63.7000,80415
2018-12-27 20:49:00,63.7500,63.7500,63.7000,63.7000,43600
2018-12-27 20:48:00,63.8500,63.8500,63.8000,63.8500,11600
2018-12-27 20:47:00,63.8000,63.8500,63.8000,63.8500,8400
2018-12-27 20:46:00,63.8000,63.8000,63.8000,63.8000,57600
2018-12-27 20:45:00,63.8500,63.8500,63.8500,63.8500,59200
2018-12-27 20:44:00,63.7500,63.8000,63.7500,63.8000,32800
2018-12-27 20:43:00,63.7000,63.7500,63.7000,63.7500,61200
2018-12-27 20:42:00,63.7500,63.7500,63.7000,63.7000,8800
2018-12-27 20:41:00,63.7000,63.7500,63.7000,63.7500,70000
2018-12-27 20:40:00,63.7500,63.7500,63.7000,63.7000,53150
2018-12-27 20:39:00,63.8000,63.8000,63.7500,63.7500,38000
2018-12-27 20:38:00,63.8000,63.8000,63.8000,63.8000,21202
2018-12-27 20:37:00,63.7500,63.8000,63.7500,63.8000,51600
2018-12-27 20:36:00,63.7500,63.7500,63.7500,63.7500,41440
2018-12-27 20:35:00,63.8000,63.8000,63.7500,63.7500,61201
2018-12-27 20:34:00,63.7000,63.7500,63.7000,63.7500,102800
2018-12-27 20:33:00,63.7000,63.7000,63.7000,63.7000,50000
2018-12-27 20:32:00,63.6000,63.7000,63.6000,63.7000,77600
2018-12-27 20:31:00,63.6000,63.7000,63.5500,63.5500,166000
2018-12-27 20:30:00,63.5500,63.6000,63.5000,63.6000,0
